,col__col,10,2015,2016,365,4,according,also,android,announced,app,apple,apps,available,azure,big,billion,build,business,ceo,cloud,companies,company,companys,conference,corp,could,customers,data,developers,device,devices,edge,features,first,free,game,games,get,giant,google,help,hololens,internet,last,latest,launched,like,lumia,made,make,many,market,may,microsoft,microsofts,million,mobile,msft,nadella,new,next,office,one,online,operating,people,phone,platform,pro,recently,release,released,said,satya,security,service,services,software,store,support,surface,system,tech,technology,time,today,two,update,us,use,users,using,version,week,windows,world,would,xbox,year,years
0,business,72,37,58,67,12,31,32,17,147,44,33,71,50,53,33,55,19,1229,37,227,46,169,54,24,97,34,56,67,7,15,26,3,39,55,13,7,4,31,38,35,31,4,23,62,30,43,30,28,23,30,19,58,29,990,235,39,94,26,46,215,19,113,42,26,31,26,85,31,12,12,20,14,98,44,10,68,77,123,18,20,38,23,41,62,21,75,43,12,37,22,105,28,24,32,123,30,42,14,56,39
1,support,161,7,38,10,8,21,26,26,118,61,39,28,29,41,7,4,29,20,11,36,22,80,20,15,25,15,31,19,14,13,25,101,30,34,13,16,19,22,16,45,15,9,126,42,49,17,19,13,19,22,16,10,16,765,118,4,34,12,6,138,47,34,109,12,37,8,15,41,5,17,26,19,61,5,44,33,38,36,29,821,11,25,34,22,19,67,28,61,18,38,96,23,85,58,330,5,69,104,33,23
2,services,22,14,53,65,2,11,24,20,156,22,8,38,28,228,14,51,33,77,30,410,49,100,27,15,84,14,66,94,16,9,22,0,14,30,18,1,0,17,37,33,34,1,23,15,17,8,25,1,7,28,8,24,19,855,128,9,45,12,41,166,31,99,42,71,13,11,8,67,4,9,3,9,68,41,27,55,911,87,11,38,4,19,38,53,6,86,29,17,37,48,62,13,23,14,47,26,30,26,28,31
3,people,112,11,8,8,10,15,16,8,31,27,14,15,5,12,11,11,19,26,8,15,7,54,14,10,5,9,7,6,12,14,38,15,6,28,36,6,9,42,15,15,24,18,19,17,20,21,32,4,8,30,44,8,13,413,89,23,11,2,8,119,8,17,51,27,23,494,11,9,15,3,14,17,48,8,8,16,11,40,6,8,22,33,13,8,12,24,9,39,8,41,52,31,15,17,162,29,25,23,19,10
4,years,55,20,26,5,8,18,14,14,50,20,37,18,9,9,26,39,18,39,43,49,11,94,36,22,39,20,8,14,14,9,27,6,6,41,17,19,16,15,24,51,10,11,12,68,15,16,30,11,39,12,26,38,12,643,88,19,32,17,42,77,49,27,78,6,30,10,10,14,12,12,12,15,36,43,10,13,31,36,9,23,47,31,26,22,28,34,113,9,14,12,31,5,17,15,120,24,35,57,33,642
5,hololens,38,23,48,0,1,10,30,1,55,50,2,36,23,2,11,0,68,4,1,6,12,65,39,29,3,27,16,3,143,87,31,1,7,96,3,12,23,31,15,14,11,795,2,31,17,8,25,1,19,22,3,15,23,615,208,3,5,6,3,118,22,3,56,5,6,18,6,32,1,13,16,15,12,3,1,4,1,24,10,9,10,11,25,48,21,61,24,12,27,44,25,39,33,29,72,30,29,23,49,11
6,giant,59,11,15,3,13,20,15,15,59,33,18,16,7,8,19,36,20,38,21,41,33,67,13,12,20,26,7,42,16,8,34,12,10,32,8,12,8,9,581,10,19,15,35,21,27,38,24,9,17,19,6,16,13,563,77,19,40,21,28,127,15,11,33,17,10,15,21,11,30,23,6,19,69,25,13,7,37,259,20,16,47,18,218,105,7,14,13,8,58,7,33,10,8,11,96,17,21,23,29,24
7,operating,332,26,13,1,6,23,12,31,45,29,12,34,36,16,14,14,40,31,9,28,8,92,43,4,54,3,8,26,15,3,66,18,32,45,23,5,4,41,10,12,15,6,22,26,90,23,17,17,30,15,13,32,13,548,168,41,87,8,16,199,9,23,51,1,597,23,13,14,14,10,32,37,47,20,12,19,13,75,27,37,8,469,6,9,33,20,25,60,7,29,107,15,57,20,565,16,24,16,34,30
8,corp,33,21,75,12,6,20,26,6,131,4,26,3,20,26,24,88,19,97,35,118,65,123,74,26,805,18,24,50,5,16,18,8,4,21,11,29,0,4,20,32,27,3,17,14,39,23,19,6,15,28,7,58,23,892,53,49,30,70,69,122,21,28,55,25,54,5,13,32,2,12,4,6,181,65,11,21,84,126,9,25,6,48,34,60,13,32,35,7,69,9,30,17,21,42,65,18,52,60,25,39
9,companies,26,16,22,16,2,22,12,7,54,10,77,23,15,35,25,23,23,46,16,86,670,61,11,3,65,19,21,93,7,8,27,2,14,37,7,4,2,17,33,112,50,12,47,22,23,16,54,0,19,13,14,36,11,608,68,6,21,21,22,129,10,32,56,33,8,7,4,13,0,6,7,13,55,17,26,35,49,57,9,22,5,7,122,94,16,24,76,4,80,21,24,26,11,17,30,33,34,3,23,11
10,said,175,12,42,23,19,28,51,26,69,32,45,23,21,28,18,103,24,98,70,137,55,249,94,33,181,26,42,86,34,13,79,25,5,40,28,29,23,23,69,37,37,12,25,69,40,18,34,27,32,28,23,45,35,1259,151,118,60,22,130,166,38,44,118,41,47,48,39,43,32,9,26,18,1228,111,33,38,68,123,18,61,53,44,72,68,22,58,48,80,105,28,104,41,35,67,299,21,159,115,80,36
11,market,42,31,41,9,21,35,12,19,41,7,57,14,17,18,22,37,10,58,23,71,36,59,42,5,58,19,12,30,6,15,24,6,5,37,6,25,9,14,16,71,10,15,12,28,31,11,19,26,2,24,20,702,20,581,150,29,68,26,26,97,12,14,71,4,32,8,28,15,41,10,8,16,45,25,2,21,24,52,0,10,63,31,18,43,22,24,40,2,26,4,19,4,16,15,88,14,22,50,46,38
12,4,34,16,48,0,617,12,29,1,42,2,43,3,39,2,12,10,6,12,8,1,2,41,10,12,6,4,8,2,0,37,66,0,14,50,19,14,12,14,13,2,6,1,4,30,34,32,30,10,7,16,11,21,17,493,113,10,12,10,8,104,11,2,87,9,6,10,5,7,581,8,17,36,19,8,1,2,2,14,21,8,736,11,12,9,23,44,16,27,17,3,27,7,23,10,48,1,6,79,29,8
13,using,73,4,18,27,7,11,13,27,53,49,8,32,17,31,7,6,32,28,18,62,26,44,29,3,17,12,23,75,30,20,21,22,11,24,13,13,13,28,10,23,32,39,32,17,18,4,20,16,11,24,7,4,21,505,92,5,23,5,21,116,7,52,46,12,15,31,10,47,14,10,7,15,41,22,19,16,13,24,14,23,18,24,19,48,16,20,15,22,22,43,70,517,25,11,134,8,37,16,20,5
14,system,297,20,43,6,11,21,16,30,54,29,9,28,37,17,15,6,39,23,9,33,7,81,41,7,48,12,6,46,12,9,62,17,39,48,23,8,6,36,18,12,15,11,15,20,87,33,19,14,30,10,13,31,10,608,191,32,73,7,14,253,21,37,76,3,469,33,10,26,16,11,35,40,44,17,21,20,19,75,25,25,17,757,7,22,31,30,14,76,9,26,104,24,74,17,522,18,20,64,31,31
15,surface,83,80,49,5,736,84,115,4,106,12,107,16,72,3,37,8,14,38,14,7,5,133,37,4,6,55,49,23,1,143,257,3,27,127,27,28,9,46,47,11,19,10,5,118,84,62,89,43,41,32,56,63,66,1589,445,47,26,19,6,364,40,14,136,19,8,22,151,5,1423,28,66,101,53,6,4,7,4,49,52,11,2962,17,45,24,84,117,70,84,47,23,95,18,59,53,170,12,43,37,128,47
16,released,216,43,65,21,36,18,38,42,33,106,14,36,29,29,12,4,102,14,4,18,13,104,16,4,6,10,7,14,22,19,47,50,42,83,30,9,19,16,19,18,20,15,27,66,59,14,31,41,18,21,14,16,16,829,81,14,59,15,5,268,27,66,85,4,37,17,18,20,51,45,38,781,18,5,45,11,9,47,16,19,101,40,16,18,22,126,35,182,10,5,71,15,89,51,364,6,18,69,59,15
17,security,86,12,41,49,1,37,23,1,78,23,8,9,13,51,8,3,2,10,25,92,26,68,30,5,11,18,23,47,1,6,14,35,30,29,12,0,0,9,13,16,20,1,91,38,32,7,10,2,21,14,12,2,14,604,100,14,17,3,29,115,16,73,25,19,12,8,10,19,1,15,13,45,33,26,784,30,27,57,1,44,4,21,20,38,26,62,20,41,9,23,64,19,10,26,194,11,17,2,47,10
18,would,103,16,30,15,6,23,21,31,128,31,39,46,33,10,16,22,24,42,16,33,34,159,33,16,52,22,16,55,43,28,41,16,12,53,17,27,33,23,21,35,45,29,16,94,23,15,55,25,21,40,25,22,22,687,97,19,38,15,32,119,19,34,113,8,24,25,24,28,12,17,16,18,159,25,17,14,30,46,37,69,43,20,45,28,14,35,35,19,51,20,64,37,21,43,223,16,750,110,91,35
19,online,38,10,19,30,9,12,8,2,70,13,9,14,28,17,6,10,14,26,3,34,33,74,10,8,25,7,16,42,12,9,20,8,8,25,38,9,15,19,17,21,16,5,17,9,12,23,19,13,9,20,12,4,18,456,76,14,13,5,0,93,9,72,38,512,1,27,3,19,6,15,10,4,41,0,19,28,71,47,58,12,19,3,18,11,13,40,12,26,37,38,59,12,11,16,62,14,8,32,10,6
20,launched,109,26,19,21,32,13,32,37,33,79,24,25,30,18,5,4,23,43,4,39,16,76,21,12,23,10,16,23,11,28,26,10,26,56,14,19,19,4,38,16,12,8,22,43,31,578,23,83,9,8,9,11,7,584,96,8,32,10,3,226,21,29,67,23,23,21,16,27,44,35,15,14,18,2,7,40,8,29,27,17,62,33,18,48,12,47,16,27,13,9,68,4,34,26,174,7,15,72,52,16
21,world,25,7,22,3,1,13,12,19,45,14,17,25,14,6,22,23,17,30,23,31,33,56,12,11,18,10,4,31,13,13,17,7,3,20,12,16,8,12,17,31,18,30,26,29,19,7,22,13,12,12,10,14,2,444,74,11,39,8,27,85,5,27,48,14,16,29,3,13,3,13,8,6,21,29,11,17,26,53,13,5,12,18,66,39,18,26,26,4,25,21,27,8,17,14,57,482,16,22,13,24
22,big,82,26,35,14,12,17,14,10,41,14,26,18,13,11,483,9,40,33,15,34,25,59,16,30,24,12,7,38,15,7,5,4,23,32,11,12,14,12,19,17,9,11,9,29,21,5,22,9,10,13,16,22,14,434,97,10,22,13,18,96,27,31,73,6,14,11,8,19,13,9,21,12,18,15,8,14,14,33,6,7,37,15,39,42,27,20,39,44,24,17,25,7,7,34,127,22,16,36,43,26
23,features,176,17,45,56,14,13,27,38,80,77,14,32,47,24,23,2,76,39,2,34,14,46,9,21,4,5,16,12,13,14,31,28,584,53,11,15,13,33,10,8,9,7,6,22,43,26,44,44,12,25,18,5,12,508,127,3,52,3,2,399,17,139,95,8,32,6,18,16,28,18,22,42,5,2,30,26,14,40,19,30,27,39,8,9,8,48,35,116,5,19,105,11,36,18,289,3,12,65,32,6
24,lumia,248,33,52,5,10,31,30,6,76,21,12,18,79,0,9,8,21,28,8,0,0,66,26,3,6,32,14,2,0,84,111,2,44,67,31,2,0,29,9,5,8,1,1,51,65,83,25,1560,15,20,17,26,56,861,196,18,181,2,8,231,21,6,65,13,17,4,202,7,9,40,42,41,27,8,2,4,1,28,42,13,43,14,12,11,24,37,64,31,37,10,23,16,10,27,388,13,25,2,40,11
25,announced,262,71,273,90,42,32,80,72,2121,98,13,77,111,210,41,66,144,147,51,286,54,356,73,85,131,22,81,136,101,45,86,34,80,109,82,73,48,46,59,20,78,55,62,144,62,33,35,76,51,54,24,41,46,2411,214,66,136,56,42,541,74,180,227,70,45,31,35,147,52,95,95,33,69,42,78,107,156,181,42,118,106,54,44,105,43,506,86,88,47,62,149,53,86,120,424,45,128,249,162,50
26,users,549,13,41,91,27,58,62,138,149,222,41,107,90,29,25,33,71,105,11,70,24,228,53,11,30,41,29,84,21,37,71,73,105,86,153,14,18,124,33,67,43,25,91,99,117,68,66,23,63,65,80,19,50,1592,318,55,138,12,9,451,32,207,160,59,107,52,45,43,66,42,33,71,104,11,64,130,62,140,45,96,95,104,36,25,72,65,37,168,43,61,1805,70,74,52,1012,27,64,64,88,31
27,data,80,17,60,44,2,30,28,4,136,59,18,16,34,128,38,20,27,67,20,193,93,124,51,12,50,33,91,1297,16,4,48,9,12,67,12,0,0,18,42,32,56,3,22,58,26,23,29,2,23,22,15,30,32,943,177,28,57,13,26,208,17,55,40,42,26,6,4,40,4,16,9,14,86,24,47,55,94,56,44,19,23,46,66,28,9,70,53,6,171,39,84,75,9,36,91,31,55,2,53,14
28,azure,14,20,61,74,2,14,30,0,210,12,0,16,66,1050,11,10,39,53,22,496,35,67,35,30,26,6,100,128,22,5,12,1,24,38,25,1,4,6,8,12,16,2,27,26,11,18,13,0,14,23,15,18,21,933,195,5,20,9,13,157,21,84,24,17,16,12,2,189,0,20,12,29,28,14,51,125,228,55,3,41,3,17,9,40,10,108,42,4,8,43,29,31,28,21,49,6,10,7,30,9
29,2015,84,526,31,9,16,14,14,5,71,9,27,21,16,20,26,9,28,37,17,33,16,52,16,24,21,7,14,17,12,17,21,5,17,36,6,13,12,11,11,16,8,23,4,21,12,26,8,33,22,6,10,31,9,511,97,29,11,17,15,123,14,26,60,10,26,11,4,17,52,6,19,43,12,15,12,17,14,22,14,7,80,20,12,23,20,32,22,22,32,11,13,4,16,11,125,7,16,37,77,20
30,us,53,32,31,13,17,18,27,19,47,18,42,11,24,8,24,13,26,37,14,56,80,120,30,9,69,19,56,171,18,25,27,4,5,66,19,10,6,16,58,26,13,27,13,50,24,13,15,37,19,16,26,26,31,749,113,26,17,11,47,130,5,34,78,37,7,8,15,7,31,5,4,10,105,38,9,5,37,70,26,18,47,9,102,60,14,21,37,14,830,22,43,22,11,44,79,25,51,33,54,14
31,two,72,22,31,19,16,22,36,28,86,27,42,28,32,42,39,19,48,43,28,72,76,78,25,32,35,31,15,53,14,23,48,14,35,38,13,18,10,18,13,38,14,24,18,45,20,16,15,64,35,16,16,40,8,664,111,26,41,9,35,176,17,34,117,12,25,9,22,31,29,15,19,35,48,36,20,21,29,39,14,28,70,14,40,33,20,38,699,19,37,16,37,15,18,32,138,26,35,88,47,113
32,office,61,26,139,646,2,28,55,79,180,95,13,114,77,84,31,10,49,113,25,141,32,100,28,22,28,16,97,55,25,16,20,21,139,72,38,3,3,61,11,38,31,3,26,48,58,29,70,6,28,28,52,14,30,1281,203,7,67,14,23,380,12,1710,54,72,23,17,6,36,28,33,43,66,44,23,73,59,99,66,40,34,14,37,8,18,43,110,34,41,34,88,207,52,49,37,186,27,34,12,52,27
33,google,37,16,12,10,2,30,27,64,20,69,135,82,13,12,17,13,15,35,14,68,112,55,6,10,32,17,19,32,5,5,15,46,8,25,14,2,1,17,10,922,22,14,42,38,24,16,50,5,16,16,16,71,30,735,101,15,23,14,5,89,8,38,40,21,12,15,10,9,1,8,3,18,37,4,16,11,33,32,35,45,11,12,80,38,23,33,38,13,26,24,67,23,11,21,47,31,35,1,39,51
34,build,324,28,173,10,6,16,33,23,144,48,7,76,36,39,40,3,969,19,29,51,23,113,62,241,19,12,7,27,155,18,31,55,76,71,15,12,7,32,20,15,42,68,7,80,78,23,23,21,30,27,26,10,18,835,212,4,100,10,31,315,26,49,70,14,40,19,20,66,5,31,55,102,24,31,2,21,33,42,16,29,14,39,20,23,23,90,48,99,26,19,71,32,42,76,509,17,24,42,53,18
35,store,100,14,11,3,21,6,22,60,42,184,36,107,55,3,6,0,16,18,3,7,9,49,33,11,9,10,27,44,39,15,25,4,19,48,27,23,48,26,20,35,23,10,3,26,15,27,15,42,15,17,11,0,20,677,127,6,25,8,1,167,11,40,47,58,27,6,14,28,29,17,10,16,18,1,1,19,11,29,669,29,52,25,9,7,15,44,14,24,26,25,45,14,27,28,275,13,37,65,32,9
36,year,193,77,108,35,29,35,48,27,162,56,38,47,33,30,43,79,53,56,37,88,23,165,40,42,25,25,28,53,42,37,43,17,32,124,49,19,32,22,29,39,30,49,18,340,19,52,36,40,72,24,26,46,34,1089,222,34,43,30,43,185,81,52,159,10,34,19,51,37,40,12,48,59,80,41,47,23,28,75,32,33,128,31,54,39,45,62,47,40,54,17,88,20,35,50,307,13,91,119,1161,33
37,10,3523,84,115,11,34,97,164,70,262,272,33,166,151,14,82,40,324,72,24,30,26,383,76,67,33,70,67,80,88,89,334,185,176,203,229,51,60,172,59,37,56,38,123,186,238,109,130,248,124,80,92,42,75,2709,557,178,525,35,24,830,80,61,292,38,332,112,138,120,62,74,197,216,175,26,86,34,22,149,100,161,83,297,25,32,102,173,72,631,53,68,549,73,259,137,4131,25,103,184,193,55
38,nadella,24,15,24,10,8,8,17,11,42,8,13,21,4,13,18,39,31,46,455,93,22,95,101,42,69,11,13,26,24,4,13,0,2,49,6,3,0,6,28,5,14,3,4,36,10,3,34,8,27,19,9,26,29,743,98,22,31,9,741,78,15,23,43,0,16,8,14,19,6,4,3,5,130,623,29,3,41,58,1,6,6,14,38,60,11,30,35,0,47,4,9,21,4,32,51,27,32,7,43,42
39,msft,35,17,45,5,10,18,9,3,56,10,35,1,3,9,13,29,10,26,15,50,21,44,21,17,70,13,4,13,4,3,15,1,3,11,11,10,0,27,21,14,6,6,11,33,12,10,15,2,9,9,12,26,12,640,42,14,8,615,9,43,7,14,23,5,8,2,3,13,9,22,8,15,22,9,3,11,12,48,8,12,19,7,32,16,7,18,9,7,11,2,12,5,7,29,52,8,15,23,30,17
40,last,186,21,46,26,30,42,35,29,144,48,45,35,38,26,29,54,80,62,29,69,22,146,40,53,14,20,29,58,38,21,46,34,22,77,50,20,27,34,21,38,30,31,23,1081,25,43,34,51,71,17,42,28,29,1041,203,52,39,33,36,175,25,48,108,9,26,17,42,37,55,13,44,66,69,34,38,24,15,48,26,42,118,20,43,19,46,54,45,50,50,20,99,17,26,294,311,29,94,113,340,68
41,service,34,17,21,51,2,22,15,11,107,65,2,28,40,125,14,20,21,68,5,133,35,78,30,12,21,6,34,55,8,5,17,4,26,31,37,7,8,25,7,11,24,4,9,24,21,40,24,4,17,16,20,21,20,596,149,13,40,11,3,232,8,59,40,28,19,16,10,26,2,21,10,11,38,3,30,729,55,44,19,33,7,20,12,24,23,56,21,10,5,19,130,16,40,14,93,17,14,52,23,13
42,technology,32,23,54,8,9,28,20,7,105,36,30,16,6,40,42,10,23,62,43,81,94,123,48,31,60,32,18,28,12,12,32,10,9,60,16,3,3,11,105,38,57,48,44,19,25,48,38,11,9,37,17,43,20,910,145,14,34,16,60,180,15,18,59,11,9,8,12,39,13,25,10,18,68,44,38,24,53,68,7,22,24,22,38,1031,32,44,33,5,60,39,25,48,8,19,61,39,28,12,39,22
43,company,383,52,111,38,41,90,105,78,356,117,58,88,37,67,59,102,113,169,114,173,61,2275,77,81,123,54,49,124,93,43,85,45,46,149,78,53,37,79,67,55,55,65,61,146,78,76,113,66,82,49,63,59,66,2139,419,102,145,44,95,411,47,100,223,74,92,54,71,62,61,61,60,104,249,96,68,78,100,243,49,80,133,81,133,123,72,205,78,96,120,60,228,44,67,91,607,56,159,189,165,94
44,recently,74,6,20,9,8,6,14,17,95,26,10,19,13,20,9,6,31,12,4,26,6,61,19,14,12,5,3,16,19,13,21,16,18,15,9,10,10,12,23,8,9,13,6,13,19,35,22,40,21,7,7,10,12,503,64,5,32,22,4,84,8,33,47,15,10,3,11,10,11,476,11,45,9,3,15,21,9,26,17,17,28,11,5,25,9,5,15,42,5,6,42,10,9,5,131,13,17,34,12,12
45,help,56,8,19,13,6,12,12,26,78,44,13,63,16,16,9,29,42,31,6,46,50,55,14,22,27,18,29,56,60,7,34,5,9,11,22,18,7,24,19,22,519,11,21,30,7,12,16,8,8,17,11,10,5,498,70,12,10,6,14,113,10,31,34,16,15,24,8,19,6,9,19,20,37,13,20,24,34,47,23,15,19,15,31,57,7,20,14,41,13,21,43,32,15,10,109,18,45,5,30,10
46,internet,123,4,38,2,4,38,18,2,62,6,7,3,13,27,9,17,7,23,4,32,47,61,19,8,17,19,13,22,1,2,26,103,6,26,10,6,2,11,35,42,21,2,663,23,45,22,17,1,17,12,11,12,22,570,98,5,8,11,4,103,32,26,45,17,22,19,6,10,0,6,9,27,25,4,91,9,23,37,3,126,5,15,42,44,35,25,18,41,13,31,91,32,50,32,167,26,16,3,18,12
47,week,137,11,43,14,10,24,14,30,120,27,25,24,23,21,34,17,76,32,22,43,17,91,32,60,42,11,26,36,29,12,21,20,18,44,16,36,34,39,11,21,10,29,32,294,30,26,24,27,32,12,16,15,36,882,126,25,36,29,32,173,68,37,107,16,20,17,10,20,19,5,27,51,67,28,26,14,14,63,28,58,53,17,28,19,33,25,32,49,44,15,52,11,19,912,232,14,43,114,50,15
48,version,259,16,37,15,23,33,38,36,86,84,11,10,47,28,7,3,42,24,7,26,11,67,23,28,21,12,19,9,28,21,47,37,36,58,47,61,18,15,8,11,15,33,50,26,114,34,29,10,24,8,20,16,8,716,158,13,50,7,4,229,66,49,118,11,57,15,34,39,36,9,56,89,35,4,10,40,23,48,27,85,59,74,13,8,24,64,18,99,11,22,74,25,827,19,442,17,21,128,35,17
49,microsofts,557,97,212,77,113,152,155,153,214,293,91,190,158,195,97,73,212,235,100,300,68,419,171,188,53,80,100,177,152,106,159,116,127,262,103,113,95,127,77,101,70,208,98,203,241,96,156,196,76,81,117,150,122,1179,4023,57,231,42,98,777,85,203,450,76,168,89,154,194,199,64,72,81,151,86,100,149,128,221,127,118,445,191,116,145,126,167,111,156,113,113,318,92,158,126,1085,74,97,349,222,88
50,satya,26,15,24,10,8,8,11,11,42,8,12,21,5,14,15,38,31,44,458,94,17,96,97,37,65,10,11,24,18,4,15,0,2,49,6,3,0,6,25,4,13,3,4,34,10,2,27,8,21,18,7,25,20,721,86,22,27,9,623,82,14,23,50,0,20,8,12,18,4,3,3,5,111,642,26,3,41,56,1,5,6,17,34,44,10,29,36,0,38,5,11,22,4,28,60,29,25,6,41,43
51,also,164,14,25,14,29,21,660,25,80,46,21,41,32,30,14,19,33,32,14,46,12,105,27,25,26,17,20,28,29,28,35,19,27,46,38,45,36,28,15,27,12,30,18,35,26,32,29,30,21,15,14,12,22,662,155,21,42,9,17,156,13,55,104,8,12,16,28,31,64,14,19,38,51,11,23,15,24,39,22,26,115,16,16,20,18,33,36,71,27,26,62,13,38,14,255,12,21,99,48,14
52,cloud,30,33,85,111,1,31,46,3,286,40,7,44,53,496,34,76,51,227,77,1878,86,173,135,33,118,27,127,193,29,3,24,4,34,74,59,3,3,24,41,68,46,6,32,69,29,39,44,0,31,38,17,71,43,1583,300,16,54,50,93,248,62,141,70,34,28,15,1,194,1,26,28,18,137,94,92,133,410,163,7,36,7,33,54,81,19,160,72,6,56,64,70,62,26,43,62,31,33,7,88,49
53,ceo,24,17,26,12,8,13,14,6,51,14,50,16,5,22,15,48,29,37,682,77,16,114,96,36,35,15,14,20,14,4,11,0,2,46,3,5,3,8,21,14,6,1,4,29,5,4,23,8,17,13,9,23,15,720,100,14,20,15,455,84,17,25,56,3,9,8,9,24,8,4,6,4,70,458,25,5,30,37,3,11,14,9,41,43,13,40,28,0,14,4,11,18,7,22,56,23,16,8,37,43
54,billion,40,9,32,2,10,26,19,2,66,5,11,4,1,10,9,645,3,55,48,76,23,102,42,1,88,30,4,20,2,2,27,1,2,8,13,5,2,3,36,13,29,0,17,54,7,4,15,8,30,16,3,37,8,564,73,48,13,29,39,29,17,10,38,10,14,11,14,4,1,6,3,4,103,38,3,20,51,44,0,4,8,6,53,10,5,24,19,5,13,3,33,6,3,17,55,23,22,9,79,39
55,xbox,184,37,101,4,79,52,99,5,249,54,23,41,108,7,36,9,42,14,8,7,3,189,41,105,60,55,17,2,50,33,39,1,65,98,79,330,422,54,23,1,5,23,3,113,56,72,62,2,51,53,50,50,45,1539,349,29,6,23,7,481,82,12,1466,32,16,23,3,75,11,34,47,69,115,6,2,52,26,36,65,104,37,64,15,12,75,120,88,106,33,23,64,16,128,114,281,22,110,2758,119,57
56,new,830,123,236,198,104,98,156,136,541,437,131,173,157,157,96,29,315,215,84,248,129,411,124,110,122,100,111,208,121,96,202,137,399,221,122,118,102,174,127,89,113,118,103,175,165,226,148,231,81,108,81,97,132,4131,777,61,236,43,78,4950,123,380,530,93,199,119,123,134,182,84,153,268,166,82,115,232,166,254,167,138,364,253,149,180,95,366,176,354,130,109,451,116,229,173,1288,85,119,481,185,77
57,software,149,22,57,18,14,26,39,52,181,71,19,54,42,55,33,44,42,123,37,163,57,243,57,26,126,42,36,56,62,30,91,20,40,61,52,29,16,49,259,32,47,24,37,48,55,29,62,28,45,75,17,52,27,1392,221,59,85,48,58,254,40,66,86,47,75,40,31,54,20,26,29,47,123,56,57,44,87,1529,29,36,49,75,64,68,36,80,39,70,70,50,140,24,48,63,336,53,46,36,75,36
58,365,11,9,40,574,0,10,14,10,90,25,2,28,47,74,14,2,10,67,12,111,16,38,12,4,12,2,67,44,1,4,3,1,56,26,25,0,3,29,3,10,13,0,2,26,14,21,19,5,13,10,17,9,15,505,77,3,16,5,10,198,8,646,21,30,1,8,2,21,3,9,27,21,23,10,49,51,65,18,3,10,5,6,4,8,14,51,19,13,13,38,91,27,15,14,26,3,15,4,35,5
59,next,80,14,40,8,11,25,13,11,74,21,16,13,18,21,27,17,26,19,17,62,10,47,20,28,21,23,10,17,21,17,15,32,17,31,16,34,18,13,15,8,10,22,32,25,15,21,18,21,12,16,19,12,19,525,85,5,9,7,15,123,529,12,72,9,9,8,9,21,15,8,30,27,38,14,16,8,31,40,11,47,40,21,15,15,21,37,17,31,5,7,32,7,66,68,118,5,19,82,81,49
60,tech,25,12,25,4,12,26,16,12,44,28,73,22,6,9,39,53,20,41,41,54,122,133,32,19,34,30,15,66,17,8,26,10,8,55,12,7,3,17,218,80,31,25,42,43,61,18,48,12,29,16,17,18,21,736,116,25,31,32,38,149,15,8,64,18,6,13,16,12,23,5,7,16,72,34,20,12,38,64,9,34,45,7,833,38,17,18,40,5,102,21,36,19,13,28,41,66,45,15,54,26
61,first,203,36,94,26,50,34,46,36,109,49,41,47,55,38,32,8,71,55,46,74,37,149,43,38,21,20,30,67,43,40,54,29,53,1096,31,34,32,53,32,25,11,96,26,77,33,56,46,67,37,23,36,37,24,1022,262,16,60,11,49,221,31,72,147,25,45,28,27,36,55,15,47,83,40,49,29,31,30,61,48,34,127,48,55,60,108,89,38,98,66,37,86,24,58,44,318,20,53,98,124,41
62,2016,115,31,1327,40,48,25,25,12,273,9,11,20,70,61,35,32,173,58,26,85,22,111,31,131,75,16,28,60,48,11,39,24,45,94,20,17,25,18,15,12,19,48,38,46,36,19,27,52,20,22,17,41,81,1171,212,8,41,45,24,236,40,139,114,19,13,8,13,60,21,20,103,65,42,24,41,21,53,57,11,38,49,43,25,54,35,139,31,63,31,20,41,18,37,43,231,22,30,101,108,26
63,could,70,7,16,2,4,26,17,6,22,33,28,22,9,6,12,30,12,34,15,27,19,54,14,5,18,474,8,33,8,18,22,14,5,20,13,11,20,16,26,17,18,27,19,20,15,10,24,32,9,24,11,19,15,468,80,13,26,13,11,100,23,16,68,7,3,9,23,13,18,5,16,10,26,10,18,6,14,42,10,15,55,12,30,32,19,9,31,31,19,29,41,12,12,11,131,10,22,55,25,20
64,use,68,11,20,38,3,19,26,35,62,56,9,37,32,43,17,3,19,22,4,64,21,60,19,12,9,29,32,39,40,20,34,28,19,37,22,22,12,21,7,24,21,44,31,20,15,9,26,10,22,40,25,4,28,564,113,7,29,2,4,109,7,88,53,38,29,41,11,33,12,6,12,5,28,5,23,19,48,50,25,38,23,26,21,39,26,37,16,20,22,589,61,43,22,15,159,21,20,23,17,12
65,make,80,6,22,10,16,8,15,20,54,46,20,36,46,23,13,16,27,30,13,38,13,49,19,13,28,24,14,22,27,25,25,15,25,23,26,23,27,17,19,16,17,22,12,17,25,8,41,20,7,530,26,24,24,550,81,7,35,9,19,108,16,28,72,20,15,30,25,27,16,7,14,21,28,18,14,16,28,75,17,22,32,10,16,37,14,33,16,15,16,40,65,24,8,12,171,12,40,53,24,12
66,conference,67,24,131,4,12,6,25,11,85,15,6,23,10,30,30,1,241,24,36,33,3,81,51,569,26,5,10,12,152,5,6,11,21,38,10,60,10,12,12,10,22,29,8,53,5,12,13,3,12,13,9,5,11,493,188,5,8,17,42,110,28,22,78,8,4,10,3,38,3,14,14,4,33,37,5,12,15,26,11,15,4,7,19,31,27,55,32,13,9,12,11,3,28,60,111,11,16,105,42,22
67,available,151,16,70,47,39,14,32,57,111,90,7,43,657,66,13,1,36,50,5,53,15,37,20,10,20,9,25,34,25,18,39,23,47,55,44,20,39,17,7,13,16,23,13,38,38,30,17,79,78,46,10,17,14,627,158,3,85,3,4,157,18,77,106,28,36,5,26,45,49,13,24,29,21,5,13,40,28,42,55,29,72,37,6,6,26,74,32,45,24,32,90,17,47,23,245,14,33,108,33,9
68,app,272,9,9,25,2,30,46,243,98,1609,34,167,90,12,14,5,48,44,14,40,10,117,38,15,4,33,14,59,63,17,67,11,77,49,48,10,11,56,33,69,44,50,6,48,85,79,73,21,13,46,29,7,12,1195,293,16,203,10,8,437,21,95,86,13,29,27,49,76,37,26,39,106,32,8,23,65,22,71,184,61,12,29,28,36,39,111,27,151,18,56,222,49,84,27,515,14,31,54,56,20
69,developers,88,12,48,1,0,7,29,53,101,63,5,136,25,22,15,2,155,7,14,29,7,93,43,152,5,8,14,16,655,24,20,14,13,43,13,53,54,31,16,5,60,143,1,38,14,11,8,0,24,27,10,6,15,570,152,11,37,4,24,121,21,25,53,12,15,12,6,87,1,19,13,22,34,18,1,8,16,62,39,14,1,12,17,12,17,71,14,13,18,40,21,30,28,29,235,13,43,50,42,14
70,apple,33,27,11,2,43,26,21,20,13,34,833,20,7,0,26,11,7,33,50,7,77,58,22,6,26,28,15,18,5,23,43,2,14,41,5,8,2,28,18,135,13,2,7,45,16,24,45,12,17,20,18,57,30,695,91,19,27,35,13,131,16,13,78,9,12,14,12,5,128,10,8,14,45,12,8,2,8,19,36,39,107,9,73,30,22,23,42,6,42,9,41,8,11,25,67,17,39,23,38,37
71,get,172,11,18,29,14,18,28,34,46,56,28,24,17,6,12,3,32,31,8,24,17,79,32,12,4,16,16,18,31,19,28,23,33,53,48,26,19,604,9,17,24,31,11,34,37,4,36,29,17,17,25,14,15,555,127,15,29,27,6,174,13,61,75,19,41,42,9,14,30,12,20,16,23,6,9,25,17,49,26,22,46,36,17,11,34,28,18,51,16,21,124,28,15,39,260,12,23,54,22,15
72,release,197,19,103,27,17,23,19,9,95,39,8,17,24,12,21,3,55,20,6,28,7,60,21,14,4,16,14,9,13,8,34,23,22,47,21,17,13,20,6,3,19,16,9,44,37,15,15,42,11,14,9,8,11,544,72,11,41,8,3,153,30,43,62,10,32,14,27,19,39,11,546,38,26,3,13,10,3,29,10,26,66,35,7,10,13,65,19,102,4,12,33,7,56,27,283,8,16,47,48,12
73,time,102,20,35,14,23,22,18,29,43,39,22,21,26,10,27,5,23,21,13,19,16,72,9,27,13,19,16,9,17,23,32,17,8,108,22,15,23,34,7,23,7,21,35,46,28,12,30,24,26,14,25,22,23,593,126,16,46,7,11,95,21,43,92,13,33,12,26,21,35,9,13,22,22,10,26,23,6,36,15,19,84,31,17,32,656,36,20,34,14,26,72,16,24,33,183,18,14,75,45,28
74,edge,185,5,24,1,0,23,19,0,34,11,2,2,23,1,4,1,55,3,0,4,2,45,30,11,8,14,4,9,14,1,3,608,28,29,5,3,0,23,12,46,5,1,103,34,22,10,31,2,15,15,20,6,20,597,116,3,10,1,0,137,32,21,46,8,18,15,0,6,0,16,23,50,25,0,35,4,0,20,4,101,3,17,10,10,17,37,14,55,4,28,73,22,37,20,246,7,16,1,17,6
75,million,178,29,8,3,10,34,21,20,66,16,19,15,3,5,10,48,4,39,14,16,6,102,23,5,49,13,10,28,11,3,116,3,3,16,15,10,5,15,19,15,12,3,5,52,20,8,18,18,11,7,8,29,11,508,57,512,23,14,22,61,5,7,54,14,41,23,23,6,34,5,11,14,118,22,14,13,9,59,6,4,47,32,25,14,16,23,26,22,26,7,55,5,13,25,222,11,19,29,34,19
76,latest,238,12,36,14,34,37,26,46,62,85,16,26,38,11,21,7,78,30,5,29,23,78,37,5,39,15,25,26,14,22,48,22,43,33,27,18,10,37,27,24,7,17,45,25,784,31,26,65,34,25,14,31,18,652,241,20,72,12,10,165,15,58,75,12,90,20,32,23,56,19,37,59,40,10,32,21,17,55,15,49,84,87,61,25,28,43,20,114,24,15,117,18,114,30,366,19,23,56,19,15
77,update,631,22,63,13,27,28,71,62,88,151,6,32,45,4,44,5,99,12,0,6,4,96,16,13,7,31,24,6,13,22,101,55,116,98,52,9,27,51,8,13,41,12,41,50,114,27,32,31,38,15,29,2,26,1014,156,22,90,7,0,354,31,41,125,26,60,39,21,30,38,42,102,182,80,0,41,10,17,70,24,61,84,76,5,5,34,102,19,1360,14,20,168,22,99,49,930,4,19,106,40,9
78,microsoft,2709,511,1171,505,493,678,662,634,2411,1195,695,760,627,933,434,564,835,990,720,1583,608,2139,676,493,892,468,567,943,570,441,749,597,508,1022,587,521,454,555,563,735,498,615,570,1041,652,584,743,861,580,550,467,581,575,27192,1179,508,1018,640,743,4131,525,1281,1942,456,548,413,547,728,808,503,544,829,1259,721,604,596,855,1392,677,765,1589,608,736,910,593,1519,664,1014,749,564,1592,505,716,882,4689,444,687,1539,1089,643
79,platform,120,17,60,21,7,12,31,32,147,76,5,77,45,189,19,4,66,31,24,194,13,62,51,38,32,13,25,40,87,13,30,6,16,36,12,38,43,14,11,9,19,32,10,37,23,27,23,7,19,27,18,15,17,728,194,6,75,13,19,134,21,36,74,19,14,9,15,770,1,10,19,20,43,18,19,26,67,54,28,41,5,26,12,39,21,91,31,30,7,33,43,47,39,20,325,13,28,75,37,14
80,companys,76,16,31,12,10,26,27,14,73,38,22,21,20,35,16,42,62,54,96,135,11,77,744,51,74,14,23,51,43,23,25,30,9,43,11,16,4,32,13,6,14,39,19,40,37,21,11,26,19,19,24,42,8,676,171,23,36,21,101,124,20,28,78,10,43,14,31,51,7,19,21,16,94,97,30,30,27,57,33,20,37,41,32,48,9,42,25,16,30,19,53,29,23,32,160,12,33,41,40,36
81,pro,62,52,21,3,581,35,64,3,52,37,128,24,49,0,13,1,5,12,8,1,0,61,7,3,2,18,34,4,1,71,119,0,28,55,15,8,2,30,30,1,6,1,0,55,56,44,64,9,16,16,23,41,27,808,199,34,27,9,6,182,15,28,66,6,14,15,10,1,1436,11,39,51,32,4,1,2,4,20,29,5,1423,16,23,13,35,65,29,38,31,12,66,14,36,19,105,3,12,11,40,12
82,game,51,13,17,0,14,12,45,5,73,10,8,8,20,1,12,5,12,7,5,3,4,53,16,60,29,11,14,0,53,12,9,3,15,34,27,687,62,26,12,2,18,12,6,20,18,19,25,2,12,23,8,25,17,521,113,10,6,10,3,118,34,3,204,9,5,6,3,38,8,10,17,9,29,3,0,7,1,29,23,16,28,8,7,3,15,31,18,9,10,22,14,13,61,36,99,16,27,330,19,19
83,many,92,10,17,17,11,14,14,26,24,29,18,46,10,15,16,3,26,19,9,17,14,63,24,9,7,11,13,15,10,12,21,20,18,36,27,8,17,25,6,16,11,3,11,42,14,9,40,17,14,26,509,20,22,467,117,8,25,12,9,81,19,52,78,12,13,44,16,18,23,7,9,14,23,7,12,20,8,17,11,16,56,13,17,17,25,17,16,29,26,25,80,7,20,16,209,10,25,50,26,26
84,according,97,14,25,10,12,637,21,24,32,30,26,26,14,14,17,26,16,31,13,31,22,90,26,6,20,26,11,30,7,17,31,23,13,34,12,12,15,18,20,30,12,10,38,42,37,13,13,31,13,8,14,35,24,678,152,34,41,18,8,98,25,28,61,12,23,15,42,12,35,6,23,18,28,8,37,22,11,26,6,21,84,21,26,28,22,24,22,28,18,19,58,11,33,24,196,13,23,52,35,18
85,mobile,525,11,41,16,12,41,42,131,136,203,27,171,85,20,22,13,100,94,20,54,21,145,36,8,30,26,17,57,37,64,168,10,52,60,26,6,5,29,40,23,10,5,8,39,72,32,56,181,26,35,25,68,44,1018,231,23,1292,8,31,236,9,67,87,13,87,11,142,75,27,32,41,59,60,27,17,40,45,85,25,34,26,73,31,34,46,85,41,90,17,29,138,23,50,36,755,39,38,6,43,32
86,made,124,22,20,13,7,13,21,16,51,13,17,33,78,14,10,30,30,23,17,31,19,82,19,12,15,9,5,23,24,9,37,15,12,37,30,12,15,17,17,16,8,19,17,71,34,9,16,15,535,7,14,2,10,580,76,11,26,9,27,81,12,28,48,9,30,8,16,19,16,21,11,18,32,21,21,17,7,45,15,19,41,30,29,9,26,27,35,38,19,22,63,11,24,32,194,12,21,51,72,39
87,customers,67,14,28,67,8,11,20,4,81,14,15,12,25,100,7,4,7,56,14,127,21,49,23,10,24,8,557,91,14,2,21,4,16,30,47,14,9,16,7,19,29,16,13,29,25,16,21,14,5,14,13,12,21,567,100,10,17,4,13,111,10,97,34,16,8,7,2,25,34,3,14,7,42,11,23,34,66,36,27,31,49,6,15,18,16,58,15,24,56,32,29,23,19,26,132,4,16,17,28,8
88,games,60,12,25,3,12,15,36,4,48,11,2,41,39,4,14,2,7,4,3,3,2,37,4,10,0,20,9,0,54,5,13,0,13,32,30,62,604,19,8,1,7,23,2,27,10,19,25,0,15,27,17,9,13,454,95,5,5,0,0,102,18,3,249,15,4,9,2,43,2,10,13,19,23,0,0,8,0,16,48,19,9,6,3,3,23,33,10,27,6,12,18,13,18,34,123,8,33,422,32,16
89,may,75,9,81,15,17,24,22,18,46,12,30,25,14,21,14,8,18,29,15,43,11,66,8,11,23,15,21,32,15,15,35,20,12,24,13,17,13,15,13,30,5,23,22,29,18,7,25,56,10,24,22,20,623,575,122,11,44,12,29,132,19,30,71,18,13,13,45,17,27,12,11,16,35,20,14,20,19,27,20,16,66,10,21,20,23,40,8,26,31,28,50,21,8,36,141,2,22,45,34,12
90,like,130,8,27,19,30,13,29,47,35,73,45,75,17,13,22,15,23,30,23,44,54,113,11,13,19,24,21,29,8,30,46,31,44,46,16,25,25,36,24,50,16,25,17,34,26,23,789,25,16,41,40,19,25,743,156,18,56,15,34,148,18,70,79,19,17,32,34,23,64,22,15,31,34,27,10,24,25,62,15,19,89,19,48,38,30,41,15,32,15,26,66,20,29,24,223,22,55,62,36,30
91,device,89,17,11,4,37,17,28,19,45,17,23,19,18,5,7,2,18,15,4,3,8,43,23,5,16,18,2,4,24,484,30,1,14,40,5,12,5,19,8,5,7,87,2,21,22,28,30,84,9,25,12,15,15,441,106,3,64,3,4,96,17,16,45,9,3,14,45,13,71,13,8,19,13,4,6,5,9,30,15,13,143,9,8,12,23,29,23,22,25,20,37,20,21,12,143,13,28,33,37,9
92,devices,334,21,39,3,66,31,35,67,86,67,43,63,39,12,5,27,31,26,11,24,27,85,25,6,18,22,21,48,20,30,867,3,31,54,32,9,13,28,34,15,34,31,26,46,48,26,46,111,37,25,21,24,35,749,159,116,168,15,13,202,15,20,74,20,66,38,59,30,119,21,34,47,79,15,14,17,22,91,25,25,257,62,26,32,32,55,48,101,27,34,71,21,47,21,561,17,41,39,43,27
93,one,292,60,114,21,87,61,104,57,227,86,78,87,106,24,73,38,70,42,56,70,56,223,78,78,55,68,34,40,53,45,74,46,95,147,79,204,249,75,33,40,34,56,45,108,75,67,79,65,48,72,78,71,71,1942,450,54,87,23,43,530,72,54,2535,38,51,51,53,74,66,47,62,85,118,50,25,40,42,86,47,109,136,76,64,59,92,152,117,125,78,53,160,46,118,107,477,48,113,1466,159,78
94,windows,4131,125,231,26,48,196,255,203,424,515,67,387,245,49,127,55,509,123,56,62,30,607,160,111,65,131,132,91,235,143,561,246,289,318,356,99,123,260,96,47,109,72,167,311,366,174,223,388,194,171,209,88,141,4689,1085,222,755,52,51,1288,118,186,477,62,565,162,427,325,105,131,283,364,299,60,194,93,47,336,275,330,170,522,41,61,183,308,138,930,79,159,1012,134,442,232,8032,57,223,281,307,120
95,today,173,32,139,51,44,24,33,63,506,111,23,63,74,108,20,24,90,75,40,160,24,205,42,55,32,9,58,70,71,29,55,37,48,89,49,31,33,28,14,33,20,61,25,54,43,47,41,37,27,33,17,24,40,1519,167,23,85,18,30,366,37,110,152,40,20,24,27,91,65,5,65,126,58,29,62,56,86,80,44,67,117,30,18,44,36,1359,38,102,21,37,65,20,64,25,308,26,35,120,62,34
96,free,229,6,20,25,19,12,38,24,82,48,5,20,44,25,11,13,15,13,3,59,7,78,11,10,11,13,47,12,13,5,32,5,11,31,658,27,30,48,8,14,22,3,10,50,27,14,16,31,30,26,27,6,13,587,103,15,26,11,6,122,16,38,79,38,23,36,6,12,15,9,21,30,28,6,12,37,18,52,27,13,27,23,12,16,22,49,13,52,19,22,153,13,47,16,356,12,17,79,49,17
97,phone,138,4,13,2,5,42,28,48,35,49,12,41,26,2,8,14,20,85,9,1,4,71,31,3,13,23,2,4,6,45,59,0,18,27,6,3,2,9,21,10,8,6,6,42,32,16,34,202,16,25,16,28,45,547,154,23,142,3,14,123,9,6,53,3,13,11,674,15,10,11,27,18,39,12,10,10,8,31,14,15,151,10,16,12,26,27,22,21,15,11,45,10,34,10,427,3,24,3,51,10
98,apps,166,21,20,28,3,26,41,287,77,167,20,947,43,16,18,4,76,71,16,44,23,88,21,23,3,22,12,16,136,19,63,2,32,47,20,8,41,24,16,82,63,36,3,35,26,25,75,18,33,36,46,14,25,760,190,15,171,1,21,173,13,114,87,14,34,15,41,77,24,19,17,36,23,21,9,28,38,54,107,28,16,28,22,16,21,63,28,32,11,37,107,32,10,24,387,25,46,41,47,18
99,android,70,5,12,10,1,24,25,760,72,243,20,287,57,0,10,2,23,17,6,3,7,78,14,11,6,6,4,4,53,19,67,0,38,36,24,5,4,34,15,64,26,1,2,29,46,37,47,6,16,20,26,19,18,634,153,20,131,3,11,136,11,79,57,2,31,8,48,32,3,17,9,42,26,11,1,11,20,52,60,26,4,30,12,7,29,63,28,62,19,35,138,27,36,30,203,19,31,5,27,14
