,col__col,2015,2016,4,abbas,arab,arrested,bank,boys,call,calls,children,city,conference,conflict,day,de,dead,east,eu,first,flood,flooding,forces,france,french,gaza,greek,group,hamas,help,high,home,human,international,israel,israeli,israelipalestinian,israelpalestine,israels,jerusalem,jewish,justice,killed,la,land,latest,leader,man,media,middle,minister,netanyahu,new,occupation,one,palestine,palestines,palestinian,palestinians,parliament,peace,police,president,propalestine,recognize,refugees,report,rights,sanders,says,school,shooting,shot,soccer,solidarity,solution,state,students,support,sushma,swaraj,syria,talks,team,texas,today,trump,two,uk,un,university,urges,us,visit,war,week,west,woman,world
0,killed,0,0,40,0,0,0,3,0,0,0,11,0,0,0,0,0,2,19,0,0,4,40,4,0,0,4,0,1,2,1,3,2,0,0,12,16,0,0,0,0,0,0,134,0,0,4,0,4,1,0,0,0,2,1,2,36,0,34,18,0,0,16,0,0,0,1,0,0,1,0,1,1,1,0,0,0,0,0,0,0,0,2,0,0,34,0,0,9,0,2,0,0,3,0,0,1,4,37,0
1,israels,0,0,0,1,1,0,2,0,0,1,3,0,0,0,0,2,0,0,0,3,0,0,0,0,4,3,0,0,0,0,0,0,0,0,1,0,0,0,101,0,0,1,0,0,2,0,0,0,0,0,1,5,2,10,0,38,1,17,6,0,6,0,2,0,0,0,3,1,0,0,0,1,0,0,0,0,1,0,1,0,0,1,1,0,0,0,1,2,1,7,2,1,0,0,7,0,3,0,1
2,trump,0,0,0,0,0,0,3,0,2,2,0,1,0,9,0,0,0,0,0,0,0,0,0,0,0,0,0,0,0,0,0,0,0,0,12,1,3,28,1,0,0,0,0,0,1,0,1,0,0,0,0,0,0,0,5,15,0,2,1,0,5,0,1,0,0,0,0,0,2,5,0,0,5,0,0,0,0,0,2,0,0,0,0,0,0,0,65,0,0,1,0,0,0,0,0,0,3,0,0
3,support,0,0,0,7,1,0,3,0,2,2,1,0,2,1,0,0,0,0,6,0,2,0,2,1,2,2,1,0,0,1,0,0,1,5,9,0,1,2,1,0,1,1,0,0,0,0,0,0,0,0,1,1,2,0,0,71,3,30,4,1,3,0,5,0,0,6,1,1,1,2,1,0,0,0,1,2,8,1,145,1,0,1,1,0,0,1,2,0,0,6,2,5,9,0,0,0,3,0,3
4,school,0,0,0,0,1,6,1,0,0,0,2,0,2,0,0,0,0,1,0,0,0,0,0,0,0,2,0,1,0,2,38,0,1,0,2,7,0,0,0,0,2,0,1,0,0,0,0,1,0,0,0,0,2,0,2,44,0,5,1,0,2,16,0,2,0,0,3,1,0,1,74,25,3,0,0,0,0,2,1,0,0,1,0,0,2,0,0,0,2,0,0,0,1,1,0,0,2,0,0
5,gaza,0,0,0,1,0,0,12,0,1,3,6,3,0,0,2,4,0,0,2,2,0,0,2,0,0,151,0,1,12,1,0,3,1,0,23,27,0,0,3,2,1,0,4,1,1,0,0,0,1,0,0,0,4,1,1,27,1,29,6,1,0,0,0,1,0,4,1,0,0,2,2,0,1,0,1,2,2,0,2,0,0,1,1,0,0,0,0,3,0,4,0,3,0,2,1,0,11,1,0
6,children,0,0,6,0,1,1,0,0,2,0,79,0,0,1,1,0,2,0,0,1,4,6,2,0,0,6,0,2,1,0,0,0,0,0,9,13,0,1,3,0,1,0,11,0,0,0,0,3,1,0,0,1,3,0,2,27,5,29,1,0,1,2,0,0,0,0,0,1,0,1,2,0,0,0,0,0,0,1,1,0,0,0,0,0,4,0,0,1,1,1,0,1,2,1,6,0,0,4,0
7,palestinian,0,4,0,24,17,6,34,0,3,18,29,10,6,8,21,2,32,9,9,5,0,0,26,16,11,29,12,10,12,8,1,16,7,19,182,186,0,3,17,23,13,5,34,0,19,4,16,14,18,3,10,7,34,17,11,43,2,1483,1,12,20,8,32,0,12,36,9,25,4,26,5,2,25,2,22,3,53,13,30,8,5,9,10,6,1,3,2,16,13,46,21,8,28,9,7,4,30,15,11
8,hamas,0,0,0,1,0,0,1,0,0,1,1,1,2,0,0,0,0,1,0,0,0,0,0,1,2,12,0,0,69,0,0,0,0,0,4,3,0,1,0,0,0,0,2,0,1,0,5,0,0,1,0,0,1,0,0,14,1,12,2,0,4,0,1,0,0,0,1,0,0,7,0,0,0,0,0,0,3,0,0,0,0,0,2,0,0,0,0,1,0,1,0,1,3,0,0,1,1,0,0
9,city,0,0,0,0,0,0,1,0,0,0,0,57,0,0,1,0,0,3,0,1,0,0,0,0,0,3,0,0,1,0,0,1,0,0,4,2,0,0,0,1,0,0,0,0,0,0,0,0,0,0,0,0,2,1,3,31,2,10,0,0,0,3,0,0,0,0,0,0,0,0,0,0,0,0,0,0,1,1,0,0,0,0,0,0,2,0,1,2,0,0,1,0,0,0,1,0,1,0,0
10,shooting,0,0,0,1,0,17,1,0,0,0,0,0,0,0,0,0,0,0,0,0,0,0,0,0,0,0,0,0,0,0,26,0,0,0,1,0,0,0,1,0,0,1,1,0,0,0,0,4,0,0,0,0,0,0,4,43,0,2,1,0,0,20,0,0,0,0,0,0,0,0,25,58,0,0,0,0,1,0,0,0,0,0,0,0,0,0,0,3,0,0,0,0,0,0,0,0,1,1,0
11,president,0,3,0,22,0,0,0,0,1,12,0,0,1,0,0,0,0,1,0,0,0,0,0,0,0,0,0,0,1,0,0,0,0,2,15,2,2,0,2,1,0,0,0,0,1,0,1,0,0,0,1,2,1,2,0,44,4,32,1,0,3,1,104,0,1,0,0,0,0,0,0,0,0,0,0,0,11,0,5,1,1,2,1,0,0,0,1,3,1,2,0,4,3,6,0,0,1,0,1
12,talks,0,2,0,0,0,0,1,0,1,5,0,0,1,1,0,0,0,4,6,0,0,0,0,15,5,1,0,0,2,1,0,0,1,0,33,1,4,15,1,0,0,0,0,0,0,0,0,0,0,4,3,9,1,0,0,51,2,10,5,0,29,0,1,0,2,0,1,0,0,3,0,0,0,0,0,1,2,0,1,5,6,4,111,0,0,0,0,1,0,4,0,1,4,0,0,0,0,0,3
13,greek,0,0,0,2,1,0,0,0,0,4,0,0,0,0,0,0,0,0,0,0,0,0,0,0,0,0,58,0,0,0,0,0,0,0,3,1,0,0,0,0,0,0,0,0,0,0,0,0,0,0,3,0,0,0,0,39,0,12,0,45,0,0,0,0,20,0,0,0,0,0,0,0,0,0,0,0,20,0,1,0,0,0,0,0,0,0,0,0,0,0,0,5,0,2,0,1,0,0,0
14,french,0,0,0,1,4,0,0,0,1,1,0,0,5,0,0,0,0,1,0,0,0,0,0,0,59,0,0,0,2,0,0,0,0,0,9,6,0,4,4,0,2,0,0,0,0,0,3,0,0,1,1,6,1,0,0,25,0,11,3,0,24,0,0,0,1,0,0,1,0,2,0,0,0,0,0,1,0,0,2,0,0,0,5,0,0,1,0,0,0,0,0,0,0,2,1,0,0,0,0
15,eu,0,1,0,1,0,0,0,0,1,4,0,0,1,2,0,0,0,2,67,0,0,0,0,0,0,2,0,0,0,0,1,0,0,2,12,4,2,10,0,0,0,0,0,0,0,1,0,0,0,2,0,3,3,0,0,30,0,9,2,1,6,0,0,0,2,4,3,0,0,0,0,0,0,0,0,1,0,0,6,0,0,0,6,0,0,0,0,0,0,0,0,2,1,1,0,0,0,0,3
16,4,0,9,62,0,0,1,1,1,0,0,6,0,0,0,0,1,1,17,0,0,4,37,0,0,0,0,0,0,0,0,0,0,0,0,0,1,0,0,0,0,0,0,40,2,0,2,0,0,0,0,0,0,1,0,0,22,0,0,1,0,0,17,0,0,0,0,0,0,0,0,0,0,0,0,0,0,0,0,0,0,0,0,0,0,28,0,0,0,0,1,0,0,0,0,0,0,1,30,0
17,parliament,0,0,0,1,1,0,0,0,0,4,0,0,0,0,0,0,0,0,1,0,0,0,0,0,0,1,45,0,0,0,0,0,0,0,3,0,0,0,0,0,0,0,0,0,0,0,0,0,0,0,1,0,0,0,0,37,1,12,0,56,0,0,0,0,18,0,0,0,0,0,0,0,0,0,0,0,19,0,1,0,0,0,0,0,0,0,0,0,3,0,0,5,0,1,0,2,0,0,0
18,flooding,0,0,37,0,0,0,0,0,0,3,6,0,0,0,0,0,3,19,0,0,0,92,0,0,0,0,0,0,0,0,0,2,0,0,0,0,0,0,0,0,0,0,40,0,0,13,0,0,0,0,0,0,0,0,2,37,0,0,0,0,0,17,0,0,0,0,0,0,0,0,0,0,0,0,0,0,0,0,0,0,0,0,0,0,47,0,0,0,0,0,0,0,0,0,0,0,0,28,0
19,arrested,0,0,1,0,0,58,0,0,0,0,1,0,0,0,0,0,1,1,0,0,0,0,0,0,0,0,0,0,0,0,6,1,0,0,4,1,0,0,0,0,1,0,0,0,0,0,0,19,0,0,0,0,3,0,3,36,0,6,0,0,0,8,0,0,0,0,0,0,0,0,6,17,2,0,0,0,0,0,0,0,0,0,0,0,1,0,0,3,0,0,0,0,0,0,0,0,0,0,0
20,state,0,6,0,19,2,0,0,9,2,4,0,1,0,1,1,0,0,8,0,3,0,0,0,10,0,2,20,2,3,0,0,0,0,1,13,6,0,3,1,1,1,2,0,1,2,0,4,0,0,0,2,3,13,0,4,111,5,53,2,19,1,1,11,0,14,1,0,0,0,9,0,1,1,9,1,1,212,2,8,0,0,0,2,2,5,0,0,3,0,5,4,1,12,2,0,0,1,0,1
21,israel,4,1,0,5,5,4,26,0,5,19,9,4,10,14,4,0,7,5,12,3,0,0,1,16,9,23,3,11,4,7,0,6,3,7,921,4,3,2,1,17,5,5,12,0,14,12,12,2,4,3,10,9,13,17,4,423,10,182,49,3,56,3,15,7,6,0,5,10,13,20,2,1,2,1,2,15,13,5,9,41,38,2,33,2,0,1,12,7,3,38,0,10,30,73,8,5,34,2,7
22,uk,0,0,0,0,0,0,2,0,1,0,1,0,0,1,0,0,0,0,0,3,0,0,0,0,0,0,0,2,0,0,0,0,0,0,3,8,0,0,1,0,0,0,0,0,0,0,0,0,0,0,0,0,0,1,0,24,0,13,1,3,0,1,1,2,1,1,1,0,0,0,2,0,0,0,2,0,0,2,0,0,0,2,0,0,0,0,0,0,56,1,0,0,3,0,1,2,0,0,1
23,land,0,2,0,1,0,0,4,0,0,1,0,0,0,0,15,0,0,0,0,0,0,0,0,0,0,1,0,0,1,0,0,0,0,0,14,11,0,3,2,1,1,1,0,0,77,0,0,0,0,0,0,0,1,2,0,26,2,19,1,0,1,0,1,0,0,3,0,0,0,1,0,0,0,0,0,0,2,0,0,0,0,0,0,0,0,0,1,0,0,3,0,1,0,0,1,0,5,0,0
24,sushma,0,0,0,1,0,0,1,0,0,5,0,0,0,0,0,0,0,0,0,0,0,0,0,0,0,0,0,0,0,0,0,0,0,0,41,5,0,0,0,0,0,0,0,0,0,0,0,0,0,0,8,0,0,0,0,64,0,8,0,0,0,0,1,0,0,0,0,0,0,0,0,0,0,0,0,0,0,0,1,86,61,0,5,0,0,0,0,0,0,0,1,0,0,40,0,0,1,0,0
25,police,0,0,17,0,1,8,0,0,0,0,2,3,0,0,0,1,2,2,0,0,0,17,0,0,0,0,0,1,0,6,16,0,0,0,3,8,0,0,0,2,0,0,16,2,0,0,0,11,0,0,0,0,1,0,1,76,0,8,0,0,0,118,1,1,0,0,0,0,0,0,16,20,4,0,0,0,1,1,0,0,0,0,0,0,6,0,0,1,1,1,0,0,0,0,0,0,1,10,0
26,recognize,0,0,0,0,0,0,0,0,0,2,0,0,0,0,0,0,0,0,2,1,0,0,0,9,1,0,20,0,0,0,0,0,0,1,6,0,0,0,0,0,0,0,0,0,0,0,0,0,0,0,0,1,3,0,0,41,0,12,0,18,4,0,1,0,56,0,0,0,0,2,0,0,0,0,0,0,14,0,0,0,0,0,2,0,0,0,0,0,1,0,0,3,1,0,0,0,0,0,1
27,students,0,1,0,0,0,0,0,0,2,0,1,1,0,2,0,0,0,2,0,0,0,0,0,0,0,0,0,0,0,0,0,0,0,0,5,5,1,2,0,1,2,28,0,0,0,0,0,0,0,0,1,0,3,0,1,44,1,13,0,0,1,1,0,8,0,0,0,1,0,0,2,0,0,0,2,0,2,93,1,0,0,1,0,0,0,0,0,0,2,0,11,0,2,2,0,0,0,0,0
28,world,0,0,0,2,2,0,4,0,2,20,0,0,1,0,2,0,0,2,3,3,0,0,0,0,0,0,0,3,0,0,0,1,0,1,7,4,0,1,1,0,1,0,0,0,0,0,17,0,0,2,3,0,1,1,1,69,4,11,3,0,5,0,1,3,1,1,0,0,0,7,0,0,0,1,0,0,1,0,3,0,0,2,3,2,0,0,0,0,1,1,0,5,0,0,7,0,0,0,128
29,conflict,0,1,0,0,7,0,0,0,0,0,1,0,1,154,0,0,6,1,2,1,0,0,0,8,0,0,0,1,0,2,0,0,2,1,14,4,22,64,0,2,1,1,0,0,0,0,0,0,0,1,0,2,4,1,7,31,6,8,1,0,5,0,0,0,0,0,2,0,5,5,0,0,4,0,0,15,1,2,1,0,0,0,1,0,0,0,9,8,1,5,2,4,4,1,0,0,0,0,0
30,human,0,0,0,1,0,0,1,0,0,2,0,0,2,2,0,0,0,0,0,0,0,0,0,0,0,1,0,4,0,0,0,0,58,1,3,3,1,4,0,0,0,0,0,0,0,0,0,0,0,0,0,0,15,1,0,31,0,7,0,0,0,0,0,0,0,0,1,53,0,0,1,0,0,0,1,0,0,0,1,0,0,0,1,0,0,0,0,2,0,24,0,0,0,0,0,0,1,0,0
31,war,0,0,0,0,0,0,1,0,0,0,6,1,0,0,1,0,0,2,0,1,0,0,0,0,1,1,0,0,0,0,0,0,0,0,8,4,0,1,7,0,1,0,0,0,1,0,0,0,0,0,0,1,0,0,0,17,2,7,2,0,1,0,0,0,0,2,0,1,1,1,0,0,0,0,0,0,0,0,0,0,0,3,0,1,0,1,0,0,1,0,0,0,3,0,63,0,1,0,7
32,dead,0,0,1,0,0,1,6,0,0,0,2,0,0,6,1,0,56,0,0,0,1,3,5,0,0,0,0,0,0,0,0,1,0,1,7,14,1,3,0,2,0,0,2,0,0,0,0,6,0,0,0,0,0,0,1,17,0,32,2,0,0,2,0,0,0,0,0,1,0,1,0,0,19,0,0,0,0,0,0,0,0,0,0,0,4,0,0,6,0,1,2,0,3,0,0,0,3,3,0
33,solidarity,1,0,0,0,0,0,2,0,2,2,0,0,0,0,22,0,0,0,0,1,0,0,0,0,0,1,0,0,0,0,0,0,1,19,2,4,0,1,0,0,1,1,0,0,0,0,1,0,0,0,2,0,0,0,0,57,0,22,0,0,1,0,0,0,0,0,0,1,0,0,0,0,0,0,93,0,1,2,1,0,0,0,0,0,3,1,0,0,2,10,1,0,2,0,0,2,0,2,0
34,2015,76,0,0,0,1,0,0,0,0,0,0,0,0,0,1,0,0,0,0,0,0,0,0,0,0,0,0,1,0,0,0,0,0,0,4,1,0,0,0,0,0,0,0,0,0,0,0,0,0,0,0,0,2,0,0,60,1,0,1,0,0,0,0,0,0,1,2,1,0,8,0,0,0,0,1,1,0,0,0,0,0,1,0,0,0,30,0,0,0,0,0,0,0,0,0,23,0,0,0
35,justice,0,0,0,1,0,0,1,2,0,1,0,0,0,1,0,0,0,0,0,0,0,0,0,0,0,0,0,0,0,0,0,1,0,1,5,2,1,0,1,0,1,70,0,0,1,0,0,0,0,0,0,0,2,0,1,52,1,5,0,0,3,0,0,0,0,0,0,0,0,0,0,1,0,0,1,0,2,28,1,0,0,0,0,0,1,0,0,0,0,1,0,0,3,0,0,1,0,0,0
36,us,0,0,0,2,2,0,2,0,2,3,2,0,0,4,1,0,3,1,1,2,0,0,0,0,0,0,0,1,3,0,0,0,0,0,30,6,0,8,0,0,2,3,3,0,0,0,1,0,3,1,2,1,2,1,2,51,2,28,1,0,5,0,3,1,1,0,0,6,3,8,1,0,0,0,2,1,12,2,9,0,0,3,4,1,2,0,0,6,3,6,4,1,159,3,3,0,3,0,0
37,two,0,0,0,0,0,3,4,1,3,0,1,2,0,8,0,0,6,0,0,0,0,0,1,0,0,3,0,0,1,0,0,0,2,0,7,10,0,4,2,1,0,0,9,0,0,0,0,1,0,0,1,0,1,1,2,28,1,16,11,0,0,1,3,0,0,0,0,2,0,0,0,3,1,1,0,3,3,0,0,0,0,2,1,0,0,0,0,88,0,0,0,0,6,0,0,0,4,0,0
38,calls,0,0,0,3,3,0,2,0,2,119,0,0,3,0,1,0,0,0,4,1,1,3,0,0,1,3,4,1,1,0,0,0,2,9,19,13,0,4,1,0,1,1,0,0,1,0,20,0,2,0,1,0,2,2,0,69,1,18,3,4,10,0,12,0,2,4,0,2,2,0,0,0,0,0,2,0,4,0,2,5,5,4,5,0,0,0,2,0,0,15,0,1,3,0,0,0,2,0,20
39,minister,0,1,0,0,0,0,1,0,0,1,0,0,0,0,1,0,0,1,0,0,0,0,0,1,1,0,3,0,0,2,0,0,0,0,10,7,0,3,1,0,0,0,0,0,0,0,0,0,0,0,65,3,0,1,1,36,0,10,0,1,2,0,1,1,0,0,0,0,0,2,0,0,0,0,2,0,2,1,1,8,8,0,3,0,0,0,0,1,0,2,0,0,2,12,0,1,1,0,3
40,jerusalem,0,0,0,0,1,0,5,0,0,0,0,1,1,2,1,0,2,10,0,0,0,0,4,0,0,2,0,1,0,0,0,1,0,1,17,19,0,2,0,81,3,0,0,0,1,1,2,1,0,0,0,0,3,1,1,15,2,23,8,0,0,2,1,0,0,0,0,0,0,1,0,0,2,0,0,4,1,1,0,0,0,0,0,0,0,1,0,1,0,0,0,5,0,0,0,2,6,2,0
41,la,0,1,2,0,0,0,0,3,0,0,0,0,0,0,0,40,0,0,0,0,0,0,0,1,0,1,0,0,0,0,0,0,0,0,0,0,0,0,0,0,0,0,0,83,0,0,0,0,0,0,0,0,0,1,0,42,1,0,0,0,0,2,0,0,0,0,0,0,0,0,0,0,0,3,0,0,1,0,0,0,0,0,0,3,0,0,0,0,0,4,0,0,0,0,0,0,0,0,0
42,forces,0,0,0,0,0,0,13,0,0,0,2,0,0,0,0,0,5,2,0,0,0,0,67,0,0,2,0,1,0,1,0,1,0,0,1,52,0,0,0,4,0,0,4,0,0,0,0,3,0,0,0,0,0,1,0,13,0,26,19,0,0,0,0,1,0,0,2,0,0,0,0,0,2,0,0,0,0,0,2,0,0,0,0,0,0,2,0,1,0,0,1,0,0,0,0,0,14,3,0
43,jewish,0,0,0,0,1,1,3,0,0,1,1,0,0,1,3,0,0,1,0,0,0,0,0,0,2,1,0,2,0,0,1,3,0,0,5,3,1,1,0,3,65,1,0,0,1,0,2,1,0,0,0,0,6,0,2,16,0,13,0,0,1,0,0,2,0,1,0,0,0,4,2,0,0,0,1,0,1,2,1,0,0,0,0,0,0,0,0,0,0,0,0,0,2,0,1,0,3,1,1
44,israelipalestinian,0,0,0,0,0,0,0,0,0,0,0,0,3,22,1,0,1,0,2,0,0,0,0,7,0,0,0,0,0,2,0,0,1,2,3,0,64,0,0,0,1,1,0,0,0,1,0,0,0,0,0,1,1,0,3,1,0,0,0,0,18,0,2,0,0,0,0,1,2,0,0,0,1,0,0,1,0,1,1,0,0,1,4,0,0,0,3,0,0,7,0,1,0,0,0,0,0,0,0
45,man,0,0,0,0,0,19,1,0,0,0,3,0,0,0,1,0,6,9,0,0,1,0,3,0,0,0,0,0,0,1,0,1,0,0,2,9,0,0,0,1,1,0,4,0,0,0,0,91,2,0,0,0,6,0,1,48,1,14,2,0,2,11,0,0,0,0,0,0,0,1,1,4,8,0,0,0,0,0,0,0,0,0,0,0,18,0,0,1,0,1,0,0,0,0,0,0,1,1,0
46,leader,0,0,0,1,0,0,0,0,0,20,0,0,1,0,0,0,0,1,0,1,0,0,0,0,3,0,0,1,5,1,0,0,0,0,12,3,0,1,0,2,2,0,0,0,0,0,70,0,0,1,0,0,0,0,0,32,0,16,0,0,2,0,1,1,0,0,0,0,0,4,0,0,0,0,1,0,4,0,0,0,0,0,0,0,0,0,1,0,0,0,0,2,1,2,0,0,2,0,17
47,west,0,0,1,2,0,0,106,0,3,2,0,1,0,0,0,0,3,0,0,3,0,0,14,0,0,11,0,0,1,0,0,2,1,0,34,26,0,2,3,6,3,0,4,0,5,0,2,1,0,0,1,0,8,1,0,31,3,30,27,0,3,1,1,0,0,1,0,1,2,0,2,1,2,0,0,0,1,0,3,1,0,0,0,0,0,0,3,4,0,6,0,1,3,1,1,0,136,2,0
48,de,0,1,1,1,0,0,0,0,0,0,0,0,0,0,0,75,0,0,0,0,0,0,0,1,0,4,0,0,0,0,0,0,0,0,0,0,0,0,2,0,0,0,0,40,0,0,0,0,0,0,0,0,0,1,0,34,0,2,0,0,0,1,0,0,0,0,0,0,0,0,0,0,0,0,0,0,0,0,0,0,0,0,0,0,0,0,0,0,0,4,0,0,0,0,0,0,0,0,0
49,refugees,1,0,0,1,0,0,1,0,0,4,0,0,1,0,0,0,0,0,4,0,0,0,0,0,0,4,0,0,0,1,0,1,0,0,0,0,0,0,0,0,1,0,1,0,3,0,0,0,0,0,0,0,3,0,0,20,0,36,1,0,0,0,0,0,0,67,1,0,0,1,0,0,0,0,0,1,1,0,6,0,0,13,0,0,0,1,0,0,1,16,0,1,0,0,2,0,1,0,1
50,middle,0,0,0,0,0,0,0,0,0,0,0,0,2,1,0,0,0,47,2,2,0,0,0,2,1,0,0,0,1,2,0,0,0,0,3,0,0,1,0,0,0,0,0,0,0,2,1,0,0,58,0,0,2,0,0,16,1,3,0,0,10,0,0,0,0,0,1,0,1,2,0,0,0,0,0,2,0,0,0,0,0,2,4,1,0,0,0,0,0,3,0,0,1,0,0,0,0,0,2
51,abbas,0,4,0,124,0,0,1,0,0,3,0,0,2,0,0,1,0,0,1,0,0,0,0,0,1,1,2,0,1,1,0,0,1,0,5,7,0,2,1,0,0,1,0,0,1,0,1,0,0,0,0,1,5,2,0,42,12,24,5,1,2,0,22,0,0,1,0,1,0,8,0,1,0,0,0,1,19,0,7,1,1,1,0,0,0,0,0,0,0,4,0,2,2,1,0,1,2,0,2
52,shot,0,0,0,0,0,2,4,0,0,0,0,0,0,4,0,0,19,8,0,0,0,0,2,0,0,1,0,0,0,0,6,0,0,0,2,8,1,4,0,2,0,0,1,0,0,0,0,8,0,0,0,0,0,0,8,19,0,25,1,0,1,4,0,0,0,0,0,0,0,0,3,0,59,0,0,0,1,0,0,0,0,0,0,0,13,0,5,1,0,0,0,0,0,0,0,0,2,13,0
53,bank,0,0,1,1,0,0,158,0,3,2,0,1,0,0,0,0,6,0,0,6,0,0,13,0,0,12,0,1,1,0,0,2,1,3,26,23,0,2,2,5,3,1,3,0,4,0,0,1,0,0,1,0,10,1,0,46,2,34,23,0,1,0,0,4,0,1,0,1,2,2,1,1,4,0,2,0,0,0,3,1,0,0,1,0,0,0,3,4,2,6,0,1,2,1,1,0,106,3,4
54,home,0,0,0,0,2,1,2,0,0,0,0,1,0,0,0,0,1,0,0,0,0,2,1,0,0,3,0,0,0,0,0,57,0,0,6,5,0,0,0,1,3,1,2,0,0,0,0,1,0,0,0,0,4,0,1,18,0,16,2,0,1,0,0,0,0,1,0,0,0,0,0,0,0,0,0,0,0,0,0,0,0,1,0,0,1,0,0,0,0,1,0,0,0,0,0,0,2,0,1
55,woman,0,0,30,0,0,0,3,0,0,0,4,0,0,0,0,0,3,26,0,0,4,28,3,0,0,1,0,0,0,0,2,0,0,0,2,10,0,0,0,2,1,0,37,0,0,2,0,1,0,0,0,0,0,0,0,35,0,15,0,0,0,10,0,0,0,0,0,0,0,0,0,1,13,0,2,0,0,0,0,0,0,0,0,0,38,0,0,0,0,0,0,0,0,0,0,0,2,88,0
56,solution,1,0,0,1,0,0,0,0,7,0,0,0,6,15,0,0,0,1,1,0,0,0,0,3,1,2,0,0,0,0,0,0,0,0,15,1,1,19,0,4,0,0,0,0,0,0,0,0,0,2,0,1,0,1,2,31,1,3,0,0,7,0,0,0,0,1,4,0,0,3,0,0,0,0,0,75,1,0,2,0,0,2,1,0,0,0,0,3,0,5,0,8,1,0,0,0,0,0,0
57,israeli,1,3,1,7,4,1,23,1,2,13,13,2,2,4,4,0,14,5,4,1,0,0,52,0,6,27,1,9,3,4,0,5,3,3,4,511,0,0,0,19,3,2,16,0,11,0,3,9,12,0,7,4,9,19,2,131,2,186,45,0,12,8,2,7,0,0,4,6,1,15,7,0,8,1,4,1,6,5,0,5,5,0,1,1,3,4,1,10,8,19,6,4,6,0,4,7,26,10,4
58,help,0,0,0,1,0,0,0,0,0,0,0,0,0,2,1,0,0,3,0,1,2,0,1,1,0,1,0,0,0,59,0,0,0,0,7,4,2,2,0,0,0,0,1,0,0,0,1,1,0,2,2,0,1,0,1,34,0,8,0,0,13,6,0,0,0,1,0,0,0,1,2,0,0,0,0,0,0,0,1,0,0,1,1,0,0,0,0,0,0,4,0,1,0,0,0,0,0,0,0
59,week,23,46,0,1,0,0,0,0,0,0,0,0,0,0,0,0,0,0,0,1,0,0,0,0,0,0,1,0,1,0,0,0,0,0,5,7,0,0,0,2,0,1,1,0,0,0,0,0,0,0,1,0,0,0,0,83,0,4,0,2,0,0,0,2,0,0,7,0,0,0,0,0,0,0,2,0,0,0,0,0,0,1,0,0,0,0,0,0,2,0,0,0,0,3,0,159,0,0,0
60,israelpalestine,0,3,0,2,2,0,2,0,2,4,1,0,11,64,0,0,3,0,10,1,0,0,0,14,4,0,0,0,1,2,0,0,4,2,2,0,0,269,0,2,1,0,0,0,3,1,1,0,1,1,3,9,8,0,4,2,0,3,0,0,42,0,0,0,0,0,5,3,5,8,0,0,4,0,1,19,3,2,2,0,0,4,15,0,0,0,28,4,0,10,1,4,8,1,1,0,2,0,1
61,international,0,0,0,0,0,0,3,0,1,9,0,0,5,1,16,0,1,0,2,3,0,0,0,2,0,0,0,1,0,0,0,0,1,71,7,3,2,2,0,1,0,1,0,0,0,0,0,0,1,0,0,0,0,0,0,21,1,19,3,0,2,0,2,1,1,0,0,1,0,0,0,0,0,0,19,0,1,0,5,0,0,1,0,0,0,0,0,0,0,7,0,1,0,0,0,0,0,0,1
62,sanders,0,1,0,0,0,0,2,0,2,2,0,0,0,5,0,0,0,1,0,0,0,0,0,0,0,0,0,0,0,0,0,0,0,0,13,1,2,5,0,0,0,0,1,0,0,0,0,0,0,1,0,1,0,0,2,27,0,4,1,0,3,0,0,2,0,0,0,1,60,2,0,0,0,0,0,0,0,0,1,0,0,0,0,1,0,0,2,0,0,0,0,0,3,0,1,0,2,0,0
63,peace,0,0,0,2,5,0,1,0,11,10,1,0,19,5,0,0,0,10,6,2,0,0,0,33,24,0,0,0,4,13,0,1,0,2,56,12,18,42,6,0,1,3,0,0,1,0,2,2,0,10,2,8,5,3,2,113,3,20,5,0,256,0,3,0,4,0,0,1,3,11,2,0,1,0,1,7,1,1,3,0,0,2,29,0,0,0,5,0,0,5,0,3,5,4,1,0,3,0,5
64,visit,0,2,0,1,0,0,1,0,0,0,1,0,0,1,0,0,0,0,1,0,1,0,0,0,2,2,2,0,0,0,0,0,0,0,73,0,0,1,0,0,0,0,0,0,0,0,2,0,0,0,12,3,0,0,1,96,0,9,1,1,4,0,6,0,0,0,0,0,0,2,1,0,0,0,0,0,2,2,0,40,34,2,0,0,0,0,0,0,0,0,0,0,3,126,0,3,1,0,0
65,new,2,1,1,5,1,3,10,1,2,2,3,2,2,4,0,0,0,6,3,2,0,0,0,3,1,4,0,1,1,1,1,4,15,0,13,9,1,8,2,3,6,2,2,0,1,2,0,6,0,2,0,0,281,2,0,156,9,34,6,0,5,1,1,0,3,3,3,16,0,8,2,0,0,0,0,0,13,3,2,0,0,1,1,0,0,0,0,1,0,19,1,0,2,0,0,0,8,0,1
66,says,8,3,0,8,1,0,2,0,0,0,1,0,4,5,0,0,1,2,0,0,11,0,0,3,2,2,0,5,7,1,1,0,0,0,20,15,0,8,0,1,4,0,0,0,1,0,4,1,0,2,2,3,8,2,2,48,2,26,3,0,11,0,0,5,2,1,1,2,2,152,1,0,0,0,0,3,9,0,2,0,0,1,3,1,1,0,5,0,0,1,2,1,8,2,1,0,0,0,7
67,university,0,1,0,0,2,0,0,0,2,0,0,1,0,2,0,0,2,0,0,2,0,0,1,0,0,0,0,0,0,0,0,0,0,0,0,6,0,1,2,0,0,0,0,0,0,0,0,0,0,0,0,0,1,0,0,11,2,21,2,0,0,0,0,1,0,0,0,0,0,2,0,0,0,0,1,0,4,11,2,1,0,0,0,0,3,0,0,0,0,0,60,0,4,0,0,0,0,0,0
68,palestines,1,1,0,12,10,0,2,0,2,1,5,2,1,6,3,0,0,6,0,7,0,0,0,0,0,1,0,0,1,0,0,0,0,1,10,2,0,0,1,2,0,1,0,1,2,0,0,1,0,1,0,2,9,3,2,0,180,2,2,1,3,0,4,0,0,0,1,0,0,2,0,0,0,1,0,1,5,1,3,0,0,1,2,6,1,0,0,1,0,2,2,2,2,0,2,0,3,0,4
69,urges,0,0,0,2,0,0,1,0,0,1,1,0,5,4,2,0,0,0,2,0,0,0,0,0,0,3,5,1,1,1,0,0,0,1,10,4,1,4,1,5,0,0,0,0,1,0,2,0,0,0,0,0,0,1,0,28,2,8,1,5,3,0,4,0,3,1,0,0,0,1,0,0,0,0,0,8,1,0,5,0,0,3,1,0,0,0,0,0,0,11,0,61,1,0,0,0,1,0,5
70,team,0,0,0,0,0,0,0,15,0,0,0,0,0,0,0,0,0,0,0,4,0,0,0,0,0,0,0,1,0,0,0,0,0,0,2,1,0,0,0,0,0,0,0,3,0,0,0,0,0,1,0,0,0,0,1,41,6,6,0,0,0,0,0,0,0,0,0,1,1,1,0,0,0,20,0,0,2,0,0,0,0,0,0,62,0,0,0,0,0,0,0,0,1,0,1,0,0,0,2
71,un,0,1,1,4,0,0,6,0,4,15,1,0,3,5,9,4,1,3,0,6,0,0,0,0,0,4,0,3,1,4,0,1,24,7,38,19,7,10,7,0,0,1,2,4,3,0,0,1,0,3,2,1,19,7,1,116,2,46,6,0,5,1,2,0,0,16,3,28,0,1,0,0,0,0,10,5,5,0,6,0,0,8,4,0,0,0,1,0,1,250,0,11,6,0,0,0,6,0,1
72,texas,0,1,28,0,0,1,0,4,0,0,4,2,0,0,0,0,4,56,0,0,8,47,0,0,0,0,0,0,0,0,4,1,0,0,0,3,0,0,0,0,0,1,34,0,0,14,0,18,2,0,0,0,0,0,4,20,1,1,0,0,0,6,0,1,0,0,0,0,0,1,2,0,13,4,3,0,5,0,0,0,0,0,0,0,140,0,0,0,0,0,3,0,2,0,0,0,0,38,0
73,netanyahu,0,0,0,1,1,0,0,0,0,0,1,0,1,2,0,0,0,0,3,0,0,0,0,5,6,0,0,1,0,0,0,0,0,0,9,4,1,9,5,0,0,0,0,0,0,0,0,0,0,0,3,61,0,0,0,17,2,7,0,0,8,0,2,0,1,0,2,1,1,3,0,0,0,0,0,1,3,0,1,0,0,1,9,0,0,2,0,0,0,1,0,0,1,3,1,0,0,0,0
74,first,0,1,0,0,0,0,6,1,0,1,1,1,0,1,3,0,0,2,0,79,2,0,0,0,0,2,0,0,0,1,0,0,0,3,3,1,0,1,3,0,0,0,0,0,0,0,1,0,0,2,0,0,2,0,1,41,7,5,2,0,2,0,0,0,1,0,0,0,0,0,0,0,0,1,1,0,3,0,0,0,0,2,0,4,0,0,0,0,3,6,2,0,2,0,1,1,3,0,3
75,media,0,0,0,0,0,0,0,0,1,2,1,0,3,0,0,0,0,0,0,0,0,0,0,2,0,1,0,0,0,0,0,0,0,1,4,12,0,1,0,0,0,0,1,0,0,0,0,2,61,0,0,0,0,0,0,27,0,18,1,0,0,0,0,0,0,0,1,0,0,0,0,0,0,0,0,0,0,0,0,0,0,0,0,0,2,0,0,0,0,0,0,0,3,0,0,0,0,0,0
76,2016,0,326,9,4,0,0,0,0,0,0,0,0,0,1,0,1,0,1,1,1,0,0,0,0,0,0,0,0,0,0,0,0,0,0,1,3,0,3,0,0,0,0,0,1,2,0,0,0,0,0,1,0,1,0,0,114,1,4,2,0,0,0,3,0,0,0,0,0,1,3,0,0,0,0,0,0,6,1,0,0,0,0,2,0,1,59,0,0,0,1,1,0,0,2,0,46,0,0,0
77,conference,0,0,0,2,0,0,0,0,3,3,0,0,59,1,0,0,0,2,1,0,0,0,0,13,5,0,0,0,2,0,0,0,2,5,10,2,3,11,0,1,0,0,0,0,0,0,1,0,3,2,0,1,2,0,1,20,1,6,1,0,19,0,1,0,0,1,0,2,0,4,2,0,0,0,0,6,0,0,2,0,0,0,1,0,0,0,0,0,0,3,0,5,0,0,0,0,0,0,1
78,report,2,0,0,0,0,0,0,0,0,0,0,0,0,2,0,0,0,1,3,0,0,0,2,0,0,1,0,0,1,0,0,0,1,0,5,4,0,5,3,0,0,0,0,0,0,1,0,0,1,1,0,2,3,0,0,17,1,9,1,0,0,0,0,1,0,1,63,1,0,1,3,0,0,0,0,4,0,0,1,0,0,1,1,0,0,1,0,0,1,3,0,0,0,0,0,7,0,0,0
79,palestinians,1,2,1,5,3,0,23,0,2,3,1,0,1,1,1,0,2,0,2,2,0,0,19,0,3,6,0,0,2,0,0,2,0,3,49,45,0,0,6,8,0,0,18,0,1,0,0,2,1,0,0,0,6,3,1,21,2,1,234,0,5,0,1,0,0,1,1,0,1,3,1,1,1,0,0,0,2,0,4,0,0,3,5,0,0,0,1,11,1,6,2,1,1,1,2,0,27,0,3
80,france,0,0,0,0,0,0,0,0,1,0,0,0,13,8,0,1,0,2,0,0,0,0,0,83,0,0,0,0,1,1,0,0,0,2,16,0,7,14,0,0,0,0,0,1,0,0,0,0,2,2,1,5,3,0,0,39,0,16,0,0,33,0,0,0,9,0,0,0,0,3,0,0,0,0,0,3,10,0,1,0,0,0,15,0,0,0,0,0,0,0,0,0,0,0,0,0,0,0,0
81,rights,1,0,0,1,0,0,1,0,0,2,1,0,2,0,1,0,1,0,0,0,0,0,0,0,1,0,0,9,0,0,0,0,53,1,10,6,1,3,1,0,0,0,0,0,0,0,0,0,0,0,0,1,16,1,1,37,0,25,0,0,1,0,0,1,0,0,1,88,1,2,1,0,0,0,1,0,0,1,1,0,0,0,0,1,0,0,0,2,0,28,0,0,6,0,1,0,1,0,0
82,latest,0,0,2,0,1,0,0,0,0,0,0,0,0,0,0,0,0,3,1,0,14,13,0,0,0,0,0,0,0,0,0,0,0,0,12,0,1,1,0,1,0,0,4,0,0,69,0,0,0,2,0,0,2,0,0,26,0,4,0,0,0,0,0,0,0,0,1,0,0,0,0,0,0,0,0,0,0,0,0,0,0,0,0,0,14,0,0,0,0,0,0,0,0,0,0,0,0,2,0
83,syria,1,0,0,1,0,0,0,0,1,4,0,0,0,0,0,0,0,1,0,2,0,0,0,0,0,1,0,0,0,1,0,1,0,1,2,0,1,4,1,0,0,0,2,0,0,0,0,0,0,2,0,1,1,0,0,20,1,9,3,0,2,0,2,0,0,13,1,0,0,1,1,0,0,0,0,2,0,1,1,0,0,66,4,0,0,0,0,2,2,8,0,3,3,2,3,1,0,0,2
84,soccer,0,0,0,0,0,0,0,38,0,0,0,0,0,0,0,0,0,4,0,1,0,0,0,0,0,0,0,0,0,0,0,0,0,0,1,1,0,0,0,0,0,0,0,3,0,0,0,0,0,0,0,0,0,0,4,52,1,2,0,0,0,0,0,0,0,0,0,0,0,0,0,0,0,62,0,0,9,0,0,0,0,0,0,20,4,0,0,1,0,0,0,0,0,0,0,0,0,0,1
85,occupation,0,0,0,2,0,0,1,0,0,2,0,1,0,1,0,1,0,0,0,0,0,0,1,0,0,1,0,0,0,0,0,0,1,0,17,19,0,0,10,1,0,0,1,1,2,0,0,0,0,0,1,0,2,79,0,34,3,17,3,0,3,0,2,0,0,0,0,1,0,2,0,0,0,0,0,1,0,0,0,0,0,0,0,0,0,0,0,1,1,7,0,1,1,0,0,0,1,0,1
86,swaraj,0,0,0,1,0,0,0,0,0,5,0,0,0,0,0,0,0,0,0,0,0,0,0,0,0,0,0,0,0,0,0,0,0,0,38,5,0,0,0,0,0,0,0,0,0,0,0,0,0,0,8,0,0,0,0,51,0,5,0,0,0,0,1,0,0,0,0,0,0,0,0,0,0,0,0,0,0,0,0,61,68,0,6,0,0,0,0,0,0,0,0,0,0,34,0,0,0,0,0
87,call,0,0,0,0,0,0,3,0,57,2,2,0,3,0,0,0,0,0,1,0,0,0,0,1,1,1,0,2,0,0,0,0,0,1,5,2,0,2,0,0,0,0,0,0,0,0,0,0,1,0,0,0,2,0,0,23,2,3,2,0,11,0,1,2,0,0,0,0,2,0,0,0,0,0,2,7,2,2,2,0,0,1,1,0,0,0,2,3,1,4,2,0,2,0,0,0,3,0,2
88,group,1,0,0,0,0,0,1,0,2,1,2,0,0,1,1,0,0,0,0,0,0,0,1,0,0,1,0,63,0,0,0,0,4,1,11,9,0,0,0,1,2,0,1,0,0,0,1,0,0,0,0,1,1,0,1,17,0,10,0,0,0,1,0,7,0,0,0,9,0,5,1,0,0,0,0,0,2,0,0,0,0,0,0,1,0,0,0,0,2,3,0,1,1,0,0,0,0,0,3
89,propalestine,0,0,0,0,0,0,4,0,2,0,0,0,0,0,1,0,0,0,0,0,0,0,1,0,0,1,0,7,0,0,3,0,0,1,7,7,0,0,0,0,2,0,0,0,0,0,1,0,0,0,1,0,0,0,0,0,0,0,0,0,0,1,0,69,0,0,1,1,2,5,2,0,0,0,0,0,0,8,0,0,0,0,0,0,1,0,0,0,2,0,1,0,1,0,0,2,0,0,3
90,day,1,0,0,0,1,0,0,0,0,1,1,1,0,0,89,0,1,3,0,3,0,0,0,0,0,2,0,1,0,1,0,0,0,16,4,4,1,0,0,1,3,0,0,0,15,0,0,1,0,0,1,0,0,0,2,40,3,21,1,0,0,0,0,1,0,0,0,1,0,0,0,0,0,0,22,0,1,0,0,0,0,0,0,0,0,1,0,0,0,9,0,2,1,0,1,0,0,0,2
91,boys,0,0,1,0,0,0,0,61,0,0,0,0,0,0,0,0,0,4,0,1,0,0,0,0,0,0,0,0,0,0,0,0,0,0,0,1,0,0,0,0,0,2,0,3,0,0,0,0,0,0,0,0,1,0,4,55,0,0,0,0,0,0,0,0,0,0,0,0,0,0,0,0,0,38,0,0,9,0,0,0,0,0,0,15,4,0,0,1,0,0,0,0,0,0,0,0,0,0,0
92,east,0,1,17,0,0,1,0,4,0,0,0,3,2,1,3,0,0,203,2,2,1,19,2,2,1,0,0,0,1,3,0,0,0,0,5,5,0,0,0,10,1,0,19,0,0,3,1,9,0,47,1,0,6,0,4,101,6,9,0,0,10,2,1,0,0,0,1,0,1,2,1,0,8,4,0,1,8,2,0,0,0,1,4,0,56,0,0,0,0,3,0,0,1,0,2,0,0,26,2
93,palestine,60,114,22,42,15,36,46,55,23,69,27,31,20,31,40,34,17,101,30,41,30,37,13,39,25,27,39,17,14,34,37,18,31,21,423,131,1,2,38,15,16,52,36,42,26,26,32,48,27,16,36,17,156,34,28,3606,0,43,21,37,113,76,44,0,41,20,17,37,27,48,44,43,19,52,57,31,111,44,71,64,51,20,51,41,20,101,15,28,24,116,11,28,51,96,17,83,31,35,69
94,one,0,0,0,0,0,3,0,4,0,0,2,3,1,7,2,0,1,4,0,1,0,2,0,0,0,1,0,1,0,1,5,1,0,0,4,2,3,4,0,1,2,1,2,0,0,0,0,1,0,0,1,0,0,0,61,28,2,11,1,0,2,1,0,0,0,0,0,1,2,2,2,4,8,4,0,2,4,1,0,0,0,0,0,1,4,0,5,2,0,1,0,0,2,1,0,0,0,0,1
95,high,0,0,0,0,0,6,0,0,0,0,0,0,0,0,0,0,0,0,1,0,3,0,0,0,0,0,0,0,0,0,55,0,0,0,0,0,0,0,0,0,1,0,3,0,0,0,0,0,0,0,0,0,1,0,5,37,0,1,0,0,0,16,0,3,0,0,0,0,0,1,38,26,6,0,0,0,0,0,0,0,0,0,0,0,4,0,0,0,0,0,0,0,0,0,0,0,0,2,0
96,today,30,59,0,0,0,0,0,0,0,0,0,0,0,0,1,0,0,0,0,0,0,0,2,0,1,0,0,0,0,0,0,0,0,0,1,4,0,0,0,1,0,0,0,0,0,0,0,0,0,0,0,2,0,0,0,101,0,3,0,0,0,0,0,0,0,1,1,0,0,0,0,0,0,0,1,0,0,0,1,0,0,0,0,0,0,111,0,0,0,0,0,0,0,0,1,0,0,0,0
97,flood,0,0,4,0,0,0,0,0,0,1,4,0,0,0,0,0,1,1,0,2,72,0,0,0,0,0,0,0,0,2,3,0,0,0,0,0,0,0,0,0,0,0,4,0,0,14,0,1,0,0,0,0,0,0,0,30,0,0,0,0,0,0,0,0,0,0,0,0,0,11,0,0,0,0,0,0,0,0,2,0,0,0,0,0,8,0,0,0,0,0,0,0,0,1,0,0,0,4,0
98,arab,1,0,0,0,74,0,0,0,0,3,1,0,0,7,1,0,0,0,0,0,0,0,0,0,4,0,1,0,0,0,0,2,0,0,5,4,0,2,1,1,1,0,0,0,0,1,0,0,0,0,0,1,1,0,0,15,10,17,3,1,5,1,0,0,0,0,0,0,0,1,1,0,0,0,0,0,2,0,1,0,0,0,0,0,0,0,0,0,0,0,2,0,2,0,0,0,0,0,2
