,col__col,2016,action,address,administration,america,americans,attack,attacks,back,barack,bill,brexit,budget,calls,campaign,change,climate,clinton,congress,control,could,court,cruz,cuba,deal,donald,executive,fight,final,first,gop,gun,guns,help,hillary,hiroshima,historic,house,immigration,iran,isis,islamic,last,law,leaders,legacy,make,makes,meet,michelle,national,new,next,nominee,nuclear,obama,obamas,one,orlando,paris,pick,plan,plans,policy,president,republican,republicans,sanders,says,security,senate,shooting,show,signs,speech,state,summit,supreme,syria,tax,tells,terror,trade,trip,trudeau,trump,trumps,union,urges,us,visit,wants,war,watch,white,wont,world,would,year,zika
0,legacy,15,0,0,1,2,0,1,0,0,11,5,3,1,1,3,3,21,23,0,2,4,9,1,2,5,0,2,9,7,4,1,1,0,0,11,3,0,2,19,4,1,0,5,0,0,311,2,1,0,5,2,2,4,2,9,123,183,3,0,12,0,1,1,9,36,0,2,5,1,5,0,0,0,0,1,4,2,2,1,0,1,2,2,1,0,10,1,4,0,4,8,0,6,1,2,2,2,1,2,0
1,trump,12,3,7,4,13,7,9,17,15,65,6,17,0,14,32,6,12,100,1,5,10,14,46,2,8,314,13,4,10,6,56,10,9,7,36,4,1,10,9,7,24,2,6,2,20,10,12,5,2,13,2,12,3,9,10,1000,146,21,9,1,6,14,4,15,106,13,13,19,111,1,2,7,26,0,28,14,4,13,0,1,4,5,15,6,1,1240,0,14,4,27,9,5,6,11,11,22,29,18,2,0
2,republicans,3,1,1,4,1,1,2,4,3,3,2,0,6,4,4,0,8,4,6,6,3,31,0,0,3,6,1,6,2,1,6,7,1,3,1,0,0,16,1,3,4,2,3,3,0,2,2,1,4,0,0,6,2,4,1,179,65,4,1,9,8,7,0,0,12,0,285,0,8,2,20,0,3,0,0,4,0,31,1,0,1,2,1,0,0,13,5,1,2,6,0,1,0,1,4,1,1,2,1,4
3,trumps,0,0,0,1,2,0,3,6,0,4,1,0,0,10,9,0,2,5,0,0,0,0,0,0,0,54,0,0,4,1,10,0,0,1,1,1,0,1,1,0,0,1,0,0,5,1,2,1,0,0,1,3,0,0,6,175,38,5,5,1,0,9,5,7,11,4,5,1,12,3,0,2,7,0,5,0,1,1,0,1,0,1,0,0,0,0,234,0,3,4,1,1,0,1,1,1,13,3,0,0
4,leaders,1,12,0,1,2,0,0,0,2,12,1,1,3,9,5,2,11,3,2,0,0,19,0,0,1,6,1,15,3,3,33,0,0,1,1,2,0,21,0,0,15,8,0,0,309,0,1,0,46,1,0,1,16,2,22,283,20,0,0,8,0,2,1,1,11,14,0,0,18,13,4,0,0,0,1,8,37,6,1,0,6,10,9,1,1,20,5,0,2,18,1,0,0,0,23,2,59,1,4,0
5,court,1,11,0,27,0,3,0,1,8,2,0,0,0,8,5,7,20,14,2,1,26,908,2,0,0,0,8,40,3,3,78,3,0,0,5,0,0,14,126,0,0,0,3,12,19,9,10,11,14,1,0,10,11,151,1,697,189,2,0,0,106,71,5,2,30,17,31,0,45,0,43,0,0,1,4,0,0,675,0,0,1,0,1,0,0,14,0,0,14,39,3,3,5,3,21,12,0,12,3,0
6,tells,0,0,0,5,11,9,2,2,10,7,0,3,0,0,0,5,1,2,3,1,0,1,1,2,2,1,0,1,0,3,0,2,0,0,3,1,3,3,0,0,0,6,1,1,6,1,1,3,0,9,1,3,1,2,0,185,2,2,2,2,1,0,0,1,12,4,1,0,2,2,0,0,1,0,1,8,0,1,14,0,190,6,0,2,2,4,0,1,0,21,1,0,1,2,1,4,7,0,0,0
7,donald,5,0,1,0,2,1,6,2,5,60,3,3,0,6,12,1,2,26,0,1,3,0,14,1,1,380,2,1,4,0,19,1,1,1,26,1,0,3,0,0,9,2,3,0,6,0,0,2,0,5,0,3,2,1,3,295,41,7,7,0,0,3,6,1,67,3,6,7,42,0,0,4,5,0,7,6,0,0,0,0,1,1,1,1,1,314,54,5,1,10,1,0,0,2,5,9,7,6,1,0
8,barack,12,3,11,4,11,3,10,7,15,1187,8,15,2,10,11,8,14,45,3,9,15,2,6,12,4,60,3,10,8,19,6,22,3,6,46,12,6,35,0,1,22,4,11,2,12,11,12,7,20,57,4,21,10,0,5,994,165,10,6,6,0,9,9,8,166,7,3,15,57,6,3,5,9,0,9,16,4,1,14,3,7,9,5,8,10,65,4,8,4,88,35,4,3,30,37,2,19,12,7,2
9,zika,2,6,0,7,0,0,0,0,2,2,18,0,0,13,0,0,2,1,66,0,2,0,0,3,0,0,0,33,0,0,3,0,0,6,1,0,0,6,0,0,0,0,0,0,0,0,1,0,1,0,0,1,0,0,0,159,23,0,0,0,0,4,1,0,13,1,4,0,14,0,4,0,0,1,0,0,0,0,0,0,0,0,1,1,0,0,0,0,9,4,0,15,0,0,1,2,0,1,0,182
10,shooting,0,5,3,1,0,3,5,0,1,5,0,0,0,26,0,0,0,2,0,14,0,0,0,0,0,4,0,0,0,2,0,36,4,0,1,0,0,2,0,0,1,1,0,2,0,0,0,0,6,0,0,0,2,0,0,224,10,1,76,0,0,0,0,0,20,0,0,0,26,0,1,242,0,0,2,0,0,0,0,0,0,17,0,2,0,7,2,0,2,9,10,0,0,4,2,2,0,0,0,0
11,president,36,10,42,13,21,10,11,11,10,166,21,9,17,57,6,13,23,69,21,16,15,30,13,48,15,67,12,17,31,73,18,41,19,11,66,36,22,60,10,6,40,7,27,10,11,36,19,12,39,24,19,45,37,9,10,2004,427,20,27,14,7,30,7,8,2528,12,12,28,92,19,4,20,18,31,26,38,12,36,4,12,12,21,9,19,11,106,11,23,9,129,132,19,11,72,73,31,13,15,8,13
12,makes,1,1,2,2,4,0,2,3,1,7,1,7,0,0,3,1,0,2,1,1,0,11,2,3,0,2,1,1,1,11,2,3,2,0,1,12,14,3,0,0,3,2,3,0,0,1,0,185,0,11,3,4,0,3,0,161,15,2,1,5,7,1,0,3,12,0,1,0,8,2,3,0,4,0,2,2,0,11,1,1,3,2,1,8,0,5,1,1,0,20,31,0,1,0,2,1,1,3,0,0
13,show,1,2,0,2,0,0,0,1,0,9,2,0,0,2,3,2,1,1,1,2,3,0,0,2,0,5,2,0,3,3,4,25,0,6,3,1,0,3,0,0,0,0,0,0,0,0,0,4,2,6,0,4,0,1,2,172,19,0,0,0,0,0,4,2,18,0,3,1,22,1,2,0,212,1,0,3,0,0,0,0,1,2,5,0,2,26,7,2,1,4,12,1,1,1,2,2,6,1,0,0
14,signs,0,0,0,1,0,0,1,0,0,0,91,0,4,0,1,0,0,0,1,0,0,1,0,2,0,0,5,0,0,2,0,4,0,1,0,0,1,7,1,2,0,5,0,57,0,0,0,0,0,2,3,3,0,0,2,212,4,0,4,0,0,4,0,0,31,0,0,0,3,0,0,0,1,216,0,5,0,1,0,4,0,0,15,1,0,0,0,0,0,10,0,1,0,0,7,0,0,0,1,1
15,union,19,0,62,0,4,2,0,0,2,8,0,0,0,4,2,2,3,1,6,0,0,0,3,0,0,5,0,0,73,3,5,3,0,0,0,0,0,1,0,0,1,0,34,0,0,4,0,1,4,9,1,1,0,0,0,139,123,2,0,0,0,1,1,1,23,3,1,0,6,1,0,0,2,0,22,243,0,0,0,0,1,0,0,1,0,14,0,268,1,6,0,0,2,6,1,0,0,0,2,0
16,state,22,1,70,2,12,5,2,12,4,16,2,0,2,11,13,2,5,5,6,1,0,0,4,1,1,6,0,31,78,10,10,4,0,4,6,0,0,5,0,3,5,223,36,0,8,4,8,2,12,17,10,4,15,0,0,419,178,4,0,3,0,4,1,2,38,6,4,1,23,16,1,0,3,5,24,623,8,0,20,0,8,3,0,0,15,14,0,243,6,42,26,3,7,8,5,5,2,2,2,0
17,terror,1,10,8,1,2,6,24,23,0,9,1,0,0,16,0,2,6,6,1,1,1,0,4,0,1,1,0,13,0,0,2,3,1,0,1,0,0,4,0,1,8,7,1,0,10,2,1,2,3,1,0,9,0,0,11,215,33,1,26,10,0,1,0,2,21,2,2,0,27,10,1,17,2,0,8,3,2,0,2,0,6,259,0,0,0,5,1,0,1,19,0,0,9,3,3,1,13,0,1,0
18,security,1,13,3,2,0,0,2,2,0,6,4,0,0,4,2,4,8,7,0,0,3,0,2,0,2,0,0,2,5,0,2,1,2,1,1,0,0,1,0,1,6,14,4,0,13,5,2,2,14,0,52,1,0,0,33,199,53,1,0,5,0,2,0,2,19,0,2,6,10,260,0,0,1,0,1,16,22,0,1,0,2,10,6,1,0,1,3,1,1,16,4,1,0,3,0,1,6,0,0,0
19,cuba,7,0,2,20,4,1,2,5,2,12,0,0,0,10,0,14,0,0,3,0,3,0,2,453,4,1,0,0,0,5,3,0,0,3,1,0,82,11,0,5,0,0,19,0,0,2,14,3,12,0,0,16,17,0,0,353,96,1,0,0,0,2,7,8,48,1,0,0,23,0,0,0,2,2,4,1,1,0,0,0,2,0,4,107,0,2,0,0,0,39,135,7,4,1,9,1,0,0,3,3
20,would,1,0,1,7,3,3,7,0,6,12,13,5,10,0,1,8,1,8,3,0,2,12,3,0,3,6,1,2,0,0,4,3,5,3,8,1,1,12,4,2,2,1,1,1,1,1,4,3,4,3,1,5,0,1,8,140,34,2,1,2,1,10,2,2,15,3,2,3,34,0,0,0,1,0,0,2,1,10,3,4,0,0,4,0,0,18,3,0,0,10,3,1,1,1,11,0,8,194,0,1
21,tax,2,3,2,19,0,2,0,1,1,3,4,0,26,11,0,0,1,2,8,0,3,0,0,0,9,0,2,4,3,2,5,0,0,3,1,0,0,9,0,0,0,0,1,3,0,0,4,1,0,0,0,22,2,0,0,202,28,1,0,0,0,7,2,0,12,0,0,5,6,0,9,0,0,4,0,0,0,0,0,240,0,0,1,0,0,1,1,0,5,8,0,4,0,2,2,1,0,4,0,0
22,world,2,7,1,0,0,0,9,3,5,19,2,1,0,12,3,17,16,2,0,0,2,0,0,0,4,7,0,4,2,1,1,0,0,1,1,14,1,1,0,2,10,2,1,0,59,2,1,1,7,6,2,5,6,0,23,249,34,2,0,9,0,1,2,2,13,3,1,0,53,6,0,0,6,0,0,2,6,0,2,0,7,13,0,0,1,29,13,0,6,9,11,1,11,1,2,5,301,8,1,0
23,war,5,0,3,3,3,2,1,1,1,3,1,0,0,3,0,1,0,2,1,0,3,5,2,4,0,0,0,7,0,2,3,1,0,1,0,8,1,1,0,2,28,7,15,0,0,6,1,1,1,0,0,9,2,1,4,176,80,1,1,2,5,0,1,4,11,2,0,0,12,0,1,0,1,0,2,7,0,1,4,0,1,9,1,2,0,6,0,2,0,16,12,6,263,0,0,5,11,1,2,0
24,attacks,1,0,0,2,0,1,1,214,2,7,1,0,0,7,3,1,6,12,0,0,7,1,1,5,1,2,0,2,0,1,2,0,0,4,2,0,0,2,0,0,25,12,0,0,0,0,0,3,3,1,2,5,0,0,1,173,19,0,4,56,0,0,1,6,11,1,4,1,12,2,0,0,1,0,2,12,1,1,3,1,2,23,0,2,0,17,6,0,0,20,1,2,1,1,0,2,3,0,0,0
25,campaign,21,0,1,5,0,1,1,3,6,11,1,3,0,9,321,0,0,77,1,5,0,5,6,0,0,12,1,0,7,15,11,15,2,5,17,0,0,2,0,1,3,10,3,2,5,3,4,3,8,6,0,9,7,1,0,266,44,6,1,0,2,0,11,1,6,5,4,15,19,2,1,0,3,1,1,13,0,4,8,0,0,0,2,0,0,32,9,2,2,15,7,1,0,0,2,4,3,1,1,0
26,immigration,1,17,0,19,0,4,0,0,4,0,1,0,0,2,0,0,0,3,1,0,7,126,6,0,0,0,6,6,2,0,4,0,0,1,1,0,0,5,296,0,1,0,1,6,0,19,1,0,0,1,1,6,2,0,0,181,108,1,0,0,0,63,1,7,10,0,1,6,6,0,3,0,0,1,0,0,0,104,0,0,0,0,2,0,0,9,1,0,2,10,0,1,0,0,1,3,0,4,1,0
27,us,5,7,17,19,14,2,22,20,8,88,9,13,3,15,15,17,20,9,13,8,15,39,11,39,17,10,2,25,7,79,4,23,6,14,4,29,6,12,10,17,44,38,11,14,18,4,44,20,22,7,12,35,21,6,8,1137,127,4,1,4,3,31,11,11,129,3,6,0,156,16,8,9,4,10,13,42,15,27,42,8,21,19,10,22,4,27,4,6,14,1353,128,4,16,2,9,12,9,10,12,4
28,islamic,0,0,9,2,6,1,2,12,1,4,0,0,0,9,10,1,0,2,2,1,0,0,2,0,0,2,0,32,0,0,2,1,0,4,2,0,0,2,0,1,2,267,0,0,8,0,4,2,8,0,8,1,15,0,0,246,19,2,1,2,0,3,0,1,7,0,2,0,18,14,0,1,0,5,3,223,2,0,14,0,6,7,0,0,0,2,1,0,5,38,9,3,7,0,3,3,2,1,0,0
29,trudeau,0,0,0,0,0,0,0,0,1,10,0,2,0,0,0,13,25,0,0,0,1,0,1,0,1,1,0,3,0,3,1,0,0,0,0,0,0,22,0,0,1,0,1,0,1,0,0,0,4,2,0,4,0,0,0,170,4,0,0,0,0,0,2,0,11,0,0,0,10,0,0,0,2,0,1,15,8,0,0,0,2,0,10,0,183,1,0,0,0,4,19,0,0,0,22,0,1,0,0,0
30,trip,3,0,0,1,6,1,0,2,5,8,0,6,0,1,0,1,1,0,0,0,0,0,2,107,0,1,0,0,0,5,1,0,0,0,0,31,56,11,0,0,0,0,7,0,1,1,16,8,5,6,1,1,8,0,0,204,90,1,3,2,0,2,6,0,19,1,0,0,8,1,0,2,0,1,0,0,4,0,0,0,2,0,0,294,0,6,0,1,0,22,23,0,2,2,9,2,0,0,0,1
31,watch,7,0,6,1,1,1,2,1,0,30,1,0,1,1,0,0,2,8,2,4,0,3,2,1,1,2,0,0,3,5,2,10,0,0,4,3,0,7,0,0,3,0,1,1,0,1,1,0,3,23,6,7,0,0,1,187,51,7,8,1,0,0,0,0,72,2,1,5,2,3,2,4,1,0,9,8,1,3,0,2,2,3,0,2,0,11,1,6,1,2,3,0,0,254,9,3,1,1,0,0
32,calls,4,9,4,5,1,11,17,7,0,10,1,0,4,493,9,11,16,9,5,14,0,8,6,10,4,6,2,12,3,5,9,35,2,3,2,9,3,4,2,3,14,9,2,5,9,1,1,0,2,5,3,13,1,3,6,457,23,1,12,16,1,3,0,0,57,7,4,4,5,4,2,26,2,0,2,11,5,8,9,11,0,16,2,1,0,14,10,4,3,15,9,0,3,1,5,2,12,0,1,13
33,hillary,4,3,0,1,1,0,6,2,1,46,10,3,0,2,17,0,0,267,3,3,11,5,4,1,2,26,3,3,5,2,5,10,0,6,435,0,0,4,1,0,15,2,0,1,1,11,1,1,0,9,0,3,2,0,0,321,68,1,2,1,2,3,5,2,66,0,1,12,14,1,1,1,3,0,1,6,0,6,0,1,3,1,2,0,0,36,1,0,1,4,0,2,0,4,5,4,1,8,2,1
34,congress,2,6,6,9,0,0,0,0,3,3,20,0,18,5,1,2,10,3,341,24,0,2,1,3,14,0,3,9,4,3,6,30,4,5,3,0,0,4,1,10,5,2,5,2,2,0,0,1,5,1,0,7,4,1,0,259,76,0,1,1,1,27,8,3,21,2,6,1,12,0,1,0,1,1,0,6,0,0,0,8,3,1,5,0,0,1,0,6,12,13,1,6,1,2,1,0,0,3,3,66
35,americans,1,2,3,4,1,208,8,1,5,3,0,0,0,11,1,4,3,0,0,2,1,3,0,1,0,1,0,9,1,1,1,7,3,6,0,1,0,2,4,3,14,1,1,0,0,0,3,0,1,0,0,3,0,0,2,160,37,0,3,0,2,5,0,1,10,0,1,0,4,0,1,3,0,0,3,5,0,3,0,2,9,6,0,1,0,7,0,2,21,2,2,2,2,1,2,2,0,3,0,0
36,year,0,1,1,1,1,0,1,0,0,7,0,0,0,1,1,0,0,2,3,4,1,3,0,3,1,1,2,3,47,1,3,4,0,0,2,0,0,2,1,1,4,0,17,0,4,2,0,0,2,0,0,8,14,0,0,138,49,6,0,0,2,1,6,1,8,1,1,0,11,0,3,0,0,1,0,2,0,3,0,0,0,1,1,0,0,2,0,2,0,12,4,0,2,0,2,1,1,0,192,0
37,trade,2,4,0,1,1,0,0,0,12,5,19,17,0,2,2,2,7,6,5,0,12,1,1,4,86,1,0,1,1,0,2,1,0,9,2,0,0,5,2,0,0,0,1,2,9,2,1,1,2,0,1,8,0,1,0,233,35,0,0,0,0,0,1,0,9,1,1,4,14,6,0,0,5,15,1,0,12,1,0,1,0,0,272,0,10,15,0,0,4,10,7,1,1,0,5,1,0,4,1,1
38,nuclear,0,10,0,3,0,2,11,1,1,5,0,0,0,6,0,7,1,1,0,0,5,1,0,0,32,3,2,0,7,1,0,0,0,1,0,18,1,9,0,34,2,0,4,0,22,9,2,0,0,0,0,12,1,0,235,175,55,0,0,0,0,1,4,2,10,0,1,0,19,33,1,0,2,2,0,0,28,1,0,0,0,11,0,0,0,10,6,0,1,8,11,0,4,1,8,1,23,8,0,0
39,iran,4,2,0,32,1,3,0,0,2,1,6,0,0,3,1,1,1,2,10,0,0,0,2,5,79,0,2,1,0,0,8,0,0,3,0,0,1,7,0,279,1,1,1,2,0,4,1,0,0,0,0,8,2,0,34,202,66,1,0,2,0,3,2,5,6,1,3,1,16,1,3,0,0,2,0,3,1,0,3,0,0,1,0,0,0,7,0,0,3,17,5,5,2,0,2,1,2,2,1,0
40,last,1,0,12,3,1,1,0,0,1,11,2,1,8,2,3,2,4,1,5,1,2,3,0,19,2,3,0,1,4,2,3,2,0,0,0,0,0,13,1,1,1,0,241,0,0,5,7,3,3,5,1,3,0,0,4,151,83,9,0,3,0,1,0,1,27,0,3,0,3,4,2,0,0,0,4,36,7,3,0,1,1,1,1,7,1,6,0,34,0,11,5,0,15,1,17,1,1,1,17,0
41,cruz,1,1,0,3,0,0,3,1,5,6,0,2,0,6,6,1,1,4,1,1,1,2,214,2,1,14,1,2,1,5,5,4,5,0,4,0,0,0,6,2,6,2,0,0,0,1,0,2,0,2,1,7,0,0,0,171,29,1,0,0,1,4,1,8,13,5,0,0,15,2,2,0,0,0,2,4,0,3,1,0,1,4,1,2,1,46,0,3,0,11,1,2,2,2,4,3,0,3,0,0
42,isis,3,2,6,5,2,14,10,25,1,22,2,0,0,14,3,3,3,19,5,1,2,0,6,0,0,9,0,52,3,2,11,1,0,5,15,0,0,7,1,1,549,2,1,0,15,1,1,3,9,0,3,20,9,1,2,434,100,3,9,9,0,14,6,6,40,1,4,0,36,6,0,1,0,0,8,5,3,0,11,0,0,8,0,0,1,24,0,1,4,44,9,8,28,3,5,7,10,2,4,0
43,obama,214,141,221,749,152,160,176,173,190,994,283,186,129,457,266,221,378,671,259,226,174,697,171,353,261,295,98,306,159,345,433,524,164,179,321,213,165,675,181,202,434,246,151,211,283,123,244,161,335,502,191,578,174,190,175,21194,23,132,235,181,121,263,154,119,2004,162,179,253,1161,199,180,224,172,212,172,419,185,552,284,202,185,215,233,204,170,1000,175,139,244,1137,751,214,176,187,645,181,249,140,138,159
44,senate,2,2,0,2,0,1,0,0,15,3,22,0,9,2,1,0,0,1,1,3,5,43,2,0,8,0,3,1,3,1,24,7,1,1,1,0,1,13,3,3,0,0,2,2,4,0,0,3,4,0,0,9,0,34,1,180,66,2,0,0,22,3,3,2,4,8,20,1,11,0,263,1,2,0,1,1,0,38,0,9,0,1,0,0,0,2,0,0,8,8,0,3,1,2,4,6,0,0,3,4
45,summit,4,0,2,0,1,0,0,1,0,4,0,3,0,5,0,7,36,0,0,0,0,0,0,1,2,0,0,2,6,4,2,0,0,2,0,3,2,7,0,1,3,2,7,0,37,2,1,0,10,1,1,1,0,0,28,185,25,1,0,21,0,0,4,1,12,0,0,0,6,22,0,0,0,0,1,8,219,0,4,0,0,2,12,4,8,4,1,0,2,15,6,1,0,1,7,0,6,1,0,0
46,national,3,1,1,2,1,0,0,2,0,4,1,0,0,3,0,4,4,4,0,0,1,0,1,0,1,0,0,2,0,14,0,3,0,0,0,0,1,2,1,0,3,8,1,1,0,2,2,3,7,5,225,13,2,0,0,191,29,1,0,2,0,2,0,0,19,0,0,0,10,52,0,0,0,3,2,10,1,0,0,0,1,0,1,1,0,2,1,1,1,12,7,1,0,6,1,1,2,1,0,0
47,michelle,6,2,6,0,4,0,0,1,6,57,1,0,0,5,6,0,0,6,1,0,3,1,2,0,1,5,0,4,5,63,2,0,0,3,9,0,1,31,1,0,0,0,5,2,1,5,3,11,6,577,5,17,5,0,0,502,72,2,0,0,0,0,4,0,24,0,0,1,11,0,0,0,6,2,12,17,1,1,0,0,9,1,0,6,2,13,0,9,0,7,12,2,0,23,28,1,6,3,0,0
48,executive,1,57,1,2,0,0,0,0,2,3,4,0,0,2,1,0,0,2,3,29,6,8,1,0,0,2,198,0,2,1,6,65,24,1,3,0,0,2,6,2,0,0,0,0,1,2,2,1,0,0,0,15,1,0,2,98,96,1,0,0,0,1,5,1,12,1,1,1,1,0,3,0,2,5,1,0,0,8,0,2,0,0,0,0,0,13,0,0,0,2,0,0,0,0,1,1,0,1,2,0
49,help,1,0,0,7,1,6,0,4,0,6,2,1,1,3,5,1,3,12,5,0,14,0,0,3,7,1,1,9,0,1,2,5,1,209,6,0,0,0,1,3,5,4,0,0,1,0,1,0,0,3,0,10,0,0,1,179,24,1,4,1,0,4,1,1,11,0,3,1,22,1,1,0,6,1,0,4,2,0,7,3,0,0,9,0,0,7,1,0,2,14,3,24,1,0,0,2,1,3,0,6
50,change,2,10,1,2,0,4,7,1,0,8,0,1,0,11,0,266,166,1,2,1,4,7,1,14,20,1,0,11,2,1,4,2,0,1,0,1,0,7,0,1,3,1,2,0,2,3,3,1,5,0,4,1,1,0,7,221,36,3,2,11,0,2,2,1,13,2,0,0,28,4,0,0,2,0,2,2,7,6,0,0,5,2,2,1,13,6,0,2,10,17,16,4,1,0,6,4,17,8,0,0
51,republican,2,0,1,1,0,0,1,1,1,7,4,0,2,7,5,2,6,2,2,1,1,17,5,1,1,3,1,1,1,2,3,3,1,0,0,0,0,7,0,1,1,0,0,2,14,0,0,0,6,0,0,3,0,2,0,162,31,1,0,2,4,2,1,1,12,214,0,0,12,0,8,0,0,0,6,6,0,16,1,0,4,2,1,1,0,13,4,3,0,3,3,3,2,2,6,4,3,3,1,1
52,law,6,0,4,24,1,0,0,0,0,2,36,0,0,5,2,0,0,0,2,0,4,12,0,0,0,0,0,2,0,4,4,6,1,0,1,0,0,17,6,2,0,0,0,242,0,0,1,0,0,2,1,11,0,1,0,211,23,0,1,0,1,4,0,2,10,2,3,0,21,0,2,2,0,57,0,0,0,5,0,3,1,0,2,0,0,2,0,0,5,14,1,1,0,1,7,0,0,1,0,0
53,gun,20,44,5,3,7,7,6,0,3,22,2,0,2,35,15,2,0,11,30,314,10,3,4,0,0,1,65,13,2,2,12,769,9,5,10,0,0,11,0,0,1,1,2,6,0,1,6,3,5,0,3,64,5,0,0,524,217,2,14,1,1,25,23,6,41,3,7,4,30,1,7,36,25,4,15,4,0,1,0,0,2,3,1,0,0,10,0,3,6,23,0,5,1,10,10,12,0,3,4,0
54,bill,0,1,2,5,0,0,3,1,1,8,343,0,1,1,1,0,2,36,20,0,3,0,0,0,2,3,4,1,0,2,7,2,1,2,10,0,0,41,1,6,2,0,2,36,1,5,3,1,0,1,1,4,2,0,0,283,34,1,0,0,0,1,4,2,21,4,2,4,11,4,22,0,2,91,2,2,0,0,0,4,0,1,19,0,0,6,1,0,7,9,2,2,1,1,17,2,2,13,0,18
55,guns,2,19,1,1,8,3,0,0,1,3,1,0,0,2,2,0,0,3,4,2,3,0,5,0,1,1,24,0,1,2,2,9,216,1,0,0,0,0,0,0,0,0,0,1,0,0,9,2,0,0,0,5,0,0,0,164,48,0,3,0,0,4,0,0,19,1,1,9,12,2,1,4,0,0,0,0,0,0,0,0,0,1,0,0,0,9,0,0,0,6,0,7,0,0,1,1,0,5,0,0
56,climate,5,16,1,3,0,3,0,6,4,14,2,0,1,16,0,166,518,1,10,0,6,20,1,0,69,2,0,19,3,1,24,0,0,3,0,0,4,10,0,1,3,0,4,0,11,21,3,0,23,0,4,5,3,1,1,378,116,5,0,103,0,13,8,2,23,6,8,0,32,8,0,0,1,0,6,5,36,15,2,1,1,6,7,1,25,12,2,3,9,20,4,3,0,2,7,7,16,1,0,2
57,wants,1,2,0,5,3,2,2,2,2,4,2,1,2,0,1,4,3,6,6,3,1,3,2,7,2,0,0,20,0,2,12,5,7,24,2,0,0,2,1,5,8,3,0,1,0,0,3,0,4,2,1,7,0,2,0,214,14,3,3,1,0,1,0,0,19,3,1,0,5,1,3,0,1,1,0,3,1,1,0,4,0,0,1,0,0,5,1,0,0,4,2,233,6,0,2,0,1,1,0,15
58,sanders,7,1,0,1,0,0,0,1,6,15,4,0,0,4,15,0,0,86,1,3,0,0,0,0,2,7,1,7,2,1,5,4,9,1,12,0,1,25,6,1,0,0,0,0,0,5,1,0,18,1,0,1,1,6,0,253,47,3,0,0,3,2,1,1,28,0,0,331,17,6,1,0,1,0,0,1,0,2,0,5,0,0,4,0,0,19,1,0,1,0,0,0,0,5,27,3,0,3,0,0
59,house,7,2,1,5,0,2,1,2,7,35,41,1,20,4,2,7,10,11,4,7,1,14,0,11,12,3,2,5,27,14,12,11,0,0,4,8,3,834,5,7,7,2,13,17,21,2,9,3,60,31,2,10,13,1,9,675,99,3,2,1,5,11,7,3,60,7,16,25,29,1,13,2,3,7,5,5,7,14,8,9,3,4,5,11,22,10,1,1,1,12,46,2,1,7,673,7,1,12,2,6
60,final,3,2,25,3,0,1,0,0,1,8,0,0,23,3,7,2,3,5,4,2,2,3,1,0,1,4,2,3,262,3,3,2,1,0,5,0,0,27,2,0,3,0,4,0,3,7,0,1,2,5,0,1,0,1,7,159,101,8,0,1,1,9,11,0,31,1,2,2,6,5,3,0,3,0,17,78,6,1,0,3,0,0,1,0,0,10,4,73,0,7,1,0,0,3,27,1,2,0,47,0
61,visit,10,0,7,1,4,2,7,1,5,35,2,10,0,9,7,16,4,2,1,0,8,3,1,135,6,1,0,2,1,104,3,0,0,3,0,183,95,46,0,5,9,9,5,1,1,8,64,31,10,12,7,17,32,1,11,751,217,6,12,4,3,4,14,4,132,3,0,0,37,4,0,10,12,0,0,26,6,2,0,0,1,0,7,23,19,9,1,0,5,128,990,2,12,3,48,13,11,3,4,0
62,pick,0,0,0,1,0,2,0,0,0,0,0,0,0,1,2,0,0,2,1,0,1,106,1,0,0,0,0,1,1,2,15,1,0,0,2,0,0,5,0,0,0,0,0,1,0,0,5,7,0,0,0,2,6,4,0,121,67,0,0,0,190,0,2,0,7,4,8,3,20,0,22,0,0,0,0,0,0,80,0,0,1,0,0,0,0,6,0,0,0,3,3,0,5,0,4,3,0,1,2,0
63,hiroshima,1,0,0,0,0,1,1,0,2,12,0,0,0,9,0,1,0,0,0,0,0,0,0,0,0,1,0,0,0,24,0,0,0,0,0,296,48,8,0,0,0,0,0,0,2,3,26,12,1,0,0,0,1,0,18,213,78,0,0,0,0,1,4,0,36,0,0,0,8,0,0,0,1,0,15,0,3,0,0,0,1,0,0,31,0,4,1,0,3,29,183,0,8,3,9,11,14,1,0,0
64,new,2,4,8,72,6,3,4,5,2,21,4,1,13,13,9,1,5,6,7,21,12,10,7,16,5,3,15,20,1,5,11,64,5,10,3,0,4,10,6,8,20,1,3,11,1,2,4,4,3,17,13,754,2,2,12,578,151,2,1,4,2,31,20,5,45,3,6,1,18,1,9,0,4,3,5,4,1,6,9,22,3,9,8,1,4,12,3,1,3,35,17,7,9,7,7,0,5,5,8,1
65,clinton,7,3,0,5,1,0,6,12,12,45,36,3,0,9,77,1,1,845,3,2,10,14,4,0,3,26,2,7,5,16,18,11,3,12,267,0,0,11,3,2,19,2,1,0,3,23,5,2,3,6,4,6,7,3,1,671,115,3,3,0,2,6,6,8,69,2,4,86,32,7,1,2,1,0,2,5,0,13,2,2,2,6,6,0,0,100,5,1,3,9,2,6,2,8,12,9,2,8,2,1
66,back,0,2,0,7,7,5,0,2,243,15,1,4,0,0,6,0,4,12,3,1,4,8,5,2,5,5,2,1,1,0,6,3,1,0,1,2,3,7,4,2,1,1,1,0,2,0,1,1,1,6,0,2,0,4,1,190,44,0,1,1,0,3,1,1,10,1,3,6,19,0,15,1,0,0,1,4,0,8,10,1,10,0,12,5,1,15,0,2,2,8,5,2,1,0,6,8,5,6,0,2
67,says,12,15,1,10,9,4,23,12,19,57,11,18,3,5,19,28,32,32,12,10,17,45,15,23,38,42,1,14,6,8,48,30,12,22,14,8,4,29,6,16,36,18,3,21,18,1,10,8,8,11,10,18,15,20,19,1161,66,3,25,10,20,5,5,11,92,12,8,17,1253,10,11,26,22,3,10,23,6,31,41,6,2,27,14,8,10,111,12,6,10,156,37,5,12,2,32,36,53,34,11,14
68,wont,3,0,1,0,2,2,0,2,8,2,2,3,0,2,4,4,7,9,0,6,1,12,3,1,3,9,1,3,1,0,4,12,1,2,4,11,0,7,3,1,7,3,1,0,2,2,3,1,3,1,1,0,0,4,1,181,30,2,0,2,3,5,0,0,31,4,1,3,36,1,6,2,2,0,1,5,0,7,7,1,4,1,1,2,0,22,1,0,0,12,13,0,5,3,6,219,5,0,1,2
69,urges,3,14,4,5,1,21,0,0,2,4,7,5,1,3,2,10,9,3,12,0,0,14,0,0,3,1,0,8,0,1,7,6,0,2,1,3,0,1,2,3,4,5,0,5,2,0,1,0,1,0,1,3,1,4,1,244,3,0,0,0,0,0,0,1,9,0,2,1,10,1,8,2,1,0,0,6,2,5,13,5,0,1,4,0,0,4,3,1,250,14,5,0,0,1,2,0,6,0,0,9
70,administration,1,3,1,765,1,4,1,2,7,4,5,1,2,5,5,2,3,5,9,5,3,27,3,20,7,0,2,10,3,2,3,3,1,7,1,0,4,5,19,32,5,2,3,24,1,1,4,2,1,0,2,72,6,0,3,749,11,3,3,2,1,23,24,7,13,1,4,1,10,2,2,1,2,1,1,2,0,9,9,19,5,1,1,1,0,4,1,0,5,19,1,5,3,1,3,0,0,7,1,7
71,next,0,2,7,6,1,0,0,0,0,10,2,0,0,1,7,1,3,7,4,4,7,11,0,17,2,2,1,4,0,13,0,5,0,0,2,1,8,13,2,2,9,15,0,0,16,4,12,0,25,5,2,2,210,6,1,174,30,0,0,0,6,3,4,1,37,0,2,1,15,0,0,2,0,0,5,15,0,9,2,2,1,0,0,8,0,3,0,0,1,21,32,0,2,0,11,0,6,0,14,0
72,first,8,0,4,2,1,1,0,1,0,19,2,1,1,5,15,1,1,16,3,5,1,3,5,5,1,0,1,1,3,415,4,2,2,1,2,24,7,14,0,0,2,0,2,4,3,4,47,11,5,63,14,5,13,0,1,345,50,1,0,1,2,1,5,0,73,2,1,1,8,0,1,2,3,2,3,10,4,2,0,2,3,0,0,5,3,6,1,3,1,79,104,2,2,5,12,0,1,0,1,0
73,2016,305,0,14,1,1,1,0,1,0,12,0,0,0,4,21,2,5,7,2,15,1,1,1,7,3,5,1,8,3,8,5,20,2,1,4,1,2,7,1,4,3,0,1,6,1,15,1,1,1,6,3,2,0,2,0,214,77,1,0,0,0,4,7,2,36,2,3,7,12,1,2,0,1,0,4,22,4,0,1,2,0,1,2,3,0,12,0,19,3,5,10,1,5,7,5,3,2,1,0,2
74,budget,0,1,4,2,0,0,0,0,0,2,1,0,219,4,0,0,1,0,18,1,0,0,0,0,17,0,0,1,23,1,4,2,0,1,0,0,0,20,0,0,0,0,8,0,3,1,0,0,1,0,0,13,0,0,0,129,82,1,0,0,0,14,2,0,17,2,6,0,3,0,9,0,0,4,0,2,0,0,0,26,0,0,0,0,0,0,0,0,1,3,0,2,0,1,11,0,0,10,0,0
75,fight,8,0,1,10,1,9,0,2,1,10,1,0,1,12,0,11,19,7,9,10,0,40,2,0,2,1,0,358,3,1,16,13,0,9,3,0,0,5,6,1,52,32,1,2,15,9,3,1,11,4,2,20,4,7,0,306,43,0,0,1,1,5,5,1,17,1,6,7,14,2,1,0,0,0,1,31,2,17,8,4,1,13,1,0,3,4,0,0,8,25,2,20,7,0,2,3,4,2,3,33
76,address,14,0,283,1,0,3,12,0,0,11,2,0,4,4,1,1,1,0,6,2,0,0,0,2,0,1,1,1,25,4,3,5,1,0,0,0,2,1,0,0,6,9,12,4,0,0,9,2,6,6,1,8,7,0,0,221,61,0,2,0,0,0,0,0,42,1,1,0,1,3,0,3,0,0,2,70,2,0,0,2,0,8,0,0,0,7,0,62,4,17,7,0,3,6,1,1,1,1,1,0
77,could,1,1,0,3,0,1,0,7,4,15,3,11,0,0,0,4,6,10,0,3,255,26,1,3,14,3,6,0,2,1,10,10,3,14,11,0,0,1,7,0,2,0,2,4,0,4,5,0,0,3,1,12,7,5,5,174,69,5,5,3,1,4,2,2,15,1,3,0,17,3,5,0,3,0,0,0,0,24,0,3,0,1,12,0,1,10,0,0,0,15,8,1,3,0,1,1,2,2,1,2
78,make,1,0,9,4,3,3,5,0,1,12,3,3,0,1,4,3,3,5,0,4,5,10,0,14,3,0,2,3,0,47,3,6,9,1,1,26,21,9,1,1,1,4,7,1,1,2,278,0,0,3,2,4,12,2,2,244,32,1,0,2,5,6,5,0,19,0,2,1,10,2,0,0,0,0,2,8,1,5,4,4,1,1,1,16,0,12,2,0,1,44,64,3,1,1,10,3,1,4,0,1
79,control,15,14,2,5,1,2,3,0,1,9,0,0,1,14,5,1,0,2,24,329,3,1,1,0,0,1,29,10,2,5,5,314,2,0,3,0,0,7,0,0,1,1,1,0,0,2,4,1,0,0,0,21,4,0,0,226,101,0,9,1,0,15,9,0,16,1,6,3,10,0,3,14,2,0,5,1,0,1,0,0,1,1,0,0,0,5,0,0,0,8,0,3,0,4,7,6,0,0,4,0
80,brexit,0,0,0,1,1,0,1,0,4,15,0,223,0,0,3,1,0,3,0,0,11,0,2,0,7,3,0,0,0,1,2,0,0,1,3,0,0,1,0,0,0,0,1,0,1,3,3,7,0,0,0,1,0,0,0,186,30,0,0,0,0,1,0,1,9,0,0,0,18,0,0,0,0,0,0,0,3,0,1,0,3,0,17,6,2,17,0,0,5,13,10,1,0,0,2,3,1,5,0,0
81,attack,0,1,12,1,1,8,212,1,0,10,3,1,0,17,1,7,0,6,0,3,0,0,3,2,0,6,0,0,0,0,1,6,0,0,6,1,0,1,0,0,10,2,0,0,0,1,5,2,0,0,0,4,0,0,11,176,18,1,28,21,0,1,2,1,11,1,2,0,23,2,0,5,0,1,1,2,0,0,0,0,2,24,0,0,0,9,3,0,0,22,7,2,1,2,1,0,9,7,1,0
82,meet,1,0,6,1,1,1,0,3,1,20,0,0,1,2,8,5,23,3,5,0,0,14,0,12,0,0,0,11,2,5,20,5,0,0,0,1,5,60,0,0,9,8,3,0,46,0,0,0,360,6,7,3,25,3,0,335,14,0,4,13,0,2,1,0,39,6,4,18,8,14,4,6,2,0,0,12,10,3,0,0,0,3,2,5,4,2,0,4,1,22,10,4,1,3,65,3,7,4,2,1
83,plans,7,10,0,24,1,0,2,1,1,9,4,0,2,0,11,2,8,6,8,9,2,5,1,7,0,6,5,5,11,5,3,23,0,1,5,4,8,7,1,2,6,0,0,0,1,1,5,0,1,4,0,20,4,0,4,154,40,5,0,2,2,0,199,0,7,1,0,1,5,0,3,0,4,0,1,1,4,3,5,2,0,0,1,6,2,4,5,1,0,11,14,0,1,0,4,0,2,2,6,1
84,obamas,77,52,61,11,44,37,18,19,44,165,34,30,82,23,44,36,116,115,76,101,69,189,29,96,55,41,96,43,101,50,90,217,48,24,68,78,35,99,108,66,100,19,83,23,20,183,32,15,14,72,29,151,30,56,55,23,4802,51,23,38,67,205,40,125,427,31,65,47,66,53,66,10,19,4,136,178,25,166,37,28,2,33,35,90,4,146,38,123,3,127,217,14,80,51,83,30,34,34,49,23
85,syria,1,1,0,9,0,0,0,3,10,14,0,1,0,9,8,0,2,2,0,0,0,0,1,0,3,0,0,8,0,0,6,0,0,7,0,0,0,8,0,3,11,14,0,0,1,1,4,1,0,0,0,9,2,0,0,284,37,3,0,2,0,5,5,19,4,1,1,0,41,1,0,0,0,0,0,20,4,0,332,0,14,2,0,0,0,0,0,0,13,42,0,0,4,0,8,7,2,3,0,0
86,supreme,0,11,0,9,0,3,0,1,8,1,0,0,0,8,4,6,15,13,0,1,24,675,3,0,0,0,8,17,1,2,40,1,0,0,6,0,0,14,104,0,0,0,3,5,6,2,5,11,3,1,0,6,9,119,1,552,166,2,0,0,80,50,3,2,36,16,31,2,31,0,38,0,0,1,4,0,0,732,0,0,1,0,1,0,0,13,1,0,5,27,2,1,1,3,18,7,0,10,3,0
87,speech,4,1,2,1,3,3,1,2,1,9,2,0,0,2,1,2,6,2,0,5,0,4,2,4,1,7,1,1,17,3,5,15,0,0,1,15,4,5,0,0,8,3,4,0,1,1,2,2,0,12,2,5,5,1,0,172,136,2,1,1,0,1,1,2,26,6,0,0,10,1,1,2,0,0,313,24,1,4,0,0,1,8,1,0,1,28,5,22,0,13,0,0,2,9,3,1,0,0,0,0
88,historic,2,0,2,4,3,0,0,0,3,6,0,0,0,3,0,0,4,0,0,0,0,0,0,82,3,0,0,0,0,7,0,0,0,0,0,48,200,3,0,1,0,0,0,0,0,0,21,14,5,1,1,4,8,0,1,165,35,0,0,2,0,2,8,0,22,0,0,1,4,0,1,0,0,1,4,0,2,0,0,0,3,0,0,56,0,1,0,0,0,6,95,0,1,0,4,0,1,1,0,0
89,white,5,1,1,3,0,2,1,0,6,37,17,2,11,5,2,6,7,12,1,7,1,21,4,9,4,5,1,2,27,12,3,10,1,0,5,9,4,673,1,2,5,3,17,7,23,2,10,2,65,28,1,7,11,5,8,645,83,2,3,1,4,8,4,2,73,6,4,27,32,0,4,2,2,7,3,5,7,18,8,2,1,3,5,9,22,11,1,1,2,9,48,2,0,9,777,6,2,11,2,1
90,gop,5,4,3,3,2,1,1,2,6,6,7,2,4,9,11,4,24,18,6,5,10,78,5,3,2,19,6,16,3,4,553,12,2,2,5,0,0,12,4,8,11,2,3,4,33,1,3,2,20,2,0,11,0,25,0,433,90,4,0,2,15,15,3,2,18,3,6,5,48,2,24,0,4,0,5,10,2,40,6,5,0,2,2,1,1,56,10,5,7,4,3,12,3,2,3,4,1,4,3,3
91,paris,0,2,0,2,0,0,21,56,1,6,0,0,0,16,0,11,103,0,1,1,3,0,0,0,23,0,0,1,1,1,2,1,0,1,1,0,2,1,0,2,9,2,3,0,8,12,2,5,13,0,2,4,0,0,0,181,38,0,0,227,0,0,2,1,14,2,9,0,10,5,0,0,0,0,1,3,21,0,2,0,2,10,0,2,0,1,1,0,0,4,4,1,2,1,1,2,9,2,0,0
92,policy,2,1,0,7,1,1,1,6,1,8,2,1,0,0,1,1,2,8,3,0,2,2,8,8,0,1,1,1,0,0,2,6,0,1,2,0,0,3,7,5,6,1,1,2,1,9,0,3,0,0,0,5,1,0,2,119,125,0,1,1,0,0,0,251,8,1,0,1,11,2,2,0,2,0,2,2,1,2,19,0,1,2,0,0,0,15,7,1,1,11,4,0,4,0,2,0,2,2,1,0
93,action,0,199,0,3,0,2,1,0,2,3,1,0,1,9,0,10,16,3,6,14,1,11,1,0,4,0,57,0,2,0,4,44,19,0,3,0,0,2,17,2,2,0,0,0,12,0,0,1,0,2,1,4,2,0,10,141,52,0,2,2,0,6,10,1,10,0,1,1,15,13,2,5,2,0,1,1,0,11,1,3,0,10,4,0,0,3,0,0,14,7,0,2,0,0,1,0,7,0,1,6
94,america,1,0,0,1,205,1,1,0,7,11,0,1,0,1,0,0,0,1,0,1,0,0,0,4,0,2,0,1,0,1,2,7,8,1,1,0,3,0,0,1,2,6,1,1,2,2,3,4,1,4,1,6,1,0,0,152,44,2,0,0,0,3,1,1,21,0,1,0,9,0,0,0,0,0,3,12,1,0,0,0,11,2,1,6,0,13,2,4,1,14,4,3,3,1,0,2,0,3,1,0
95,deal,3,4,0,7,0,0,0,1,5,4,2,7,17,4,0,20,69,3,14,0,14,0,1,4,331,1,0,2,1,1,2,0,1,7,2,0,3,12,0,79,0,0,2,0,1,5,3,0,0,1,1,5,2,0,32,261,55,1,0,23,0,0,0,0,15,1,3,2,38,2,8,0,0,0,1,1,2,0,3,9,2,1,86,0,1,8,0,0,3,17,6,2,0,1,4,3,4,3,1,0
96,one,1,0,0,3,2,0,1,0,0,10,1,0,1,1,6,3,5,3,0,0,5,2,1,1,1,7,1,0,8,1,4,2,0,1,1,0,0,3,1,1,3,2,9,0,0,3,1,2,0,2,1,2,0,1,0,132,51,201,2,0,0,5,5,0,20,1,4,3,3,1,2,1,0,0,2,4,1,2,3,1,2,1,0,1,0,21,5,2,0,4,6,3,1,7,2,2,2,2,6,0
97,plan,4,6,0,23,3,5,1,0,3,9,1,1,14,3,0,2,13,6,27,15,4,71,4,2,0,3,1,5,9,1,15,25,4,4,3,1,2,11,63,3,14,3,1,4,2,1,6,1,2,0,2,31,3,1,1,263,205,5,0,0,0,492,0,0,30,2,7,2,5,2,3,0,0,4,1,4,0,50,5,7,0,1,0,2,0,14,9,1,0,31,4,1,0,0,8,5,1,10,1,4
98,nominee,2,0,0,0,0,0,0,0,4,0,0,0,0,3,1,0,1,3,1,0,5,151,0,0,0,1,0,7,1,0,25,0,0,0,0,0,0,1,0,0,1,0,0,1,2,2,2,3,3,0,0,2,6,248,0,190,56,1,0,0,4,1,0,0,9,2,4,6,20,0,34,0,1,0,1,0,0,119,0,0,2,0,1,0,0,9,0,0,4,6,1,2,1,0,5,4,0,1,0,0
99,orlando,0,2,2,3,0,3,28,4,1,6,0,0,0,12,1,2,0,3,1,9,5,0,0,0,0,7,0,0,0,0,0,14,3,4,2,0,0,2,0,0,9,1,0,1,0,0,0,1,4,0,0,1,0,0,0,235,23,2,264,0,0,0,0,1,27,0,1,0,25,0,0,76,0,4,1,0,0,0,0,0,2,26,0,3,0,9,5,0,0,1,12,3,1,8,3,0,0,1,0,0
